id_plant,date,weight_kg,timing,dryW_kg,phyto,treatment_co2,water_treatment,plant_in_pot
3,29/04/2021,6.7345,2_after watering,4.30181,2,ambient,drought,yes
3,03/05/2021,NA,1_before watering,4.30181,2,ambient,drought,yes
3,03/05/2021,6.73,2_after watering,4.30181,2,ambient,drought,yes
3,06/05/2021,6.6825,1_before watering,4.30181,2,ambient,drought,yes
3,06/05/2021,6.802,2_after watering,4.30181,2,ambient,drought,yes
3,07/05/2021,6.7285,1_before watering,4.30181,2,ambient,drought,yes
3,10/05/2021,6.652,1_before watering,4.30181,2,ambient,drought,yes
3,10/05/2021,6.8395,2_after watering,4.30181,2,ambient,drought,yes
3,12/05/2021,6.7275,1_before watering,4.30181,2,ambient,drought,yes
3,12/05/2021,6.902,2_after watering,4.30181,2,ambient,drought,yes
3,17/05/2021,6.676,1_before watering,4.30181,2,ambient,drought,yes
3,20/05/2021,6.436,1_before watering,4.30181,2,ambient,drought,yes
3,24/05/2021,6.18,1_before watering,4.30181,2,ambient,drought,yes
3,27/05/2021,6.0235,1_before watering,4.30181,2,ambient,drought,yes
6,30/04/2021,7.155,2_after watering,4.77425,1,elevated,drought,yes
6,04/05/2021,6.9465,1_before watering,4.77425,1,elevated,drought,yes
6,04/05/2021,7.1925,2_after watering,4.77425,1,elevated,drought,yes
6,07/05/2021,7.0115,1_before watering,4.77425,1,elevated,drought,yes
6,07/05/2021,7.1695,2_after watering,4.77425,1,elevated,drought,yes
6,10/05/2021,7.0615,1_before watering,4.77425,1,elevated,drought,yes
6,10/05/2021,7.22,2_after watering,4.77425,1,elevated,drought,yes
6,13/05/2021,7.013,1_before watering,4.77425,1,elevated,drought,yes
6,13/05/2021,7.202,2_after watering,4.77425,1,elevated,drought,yes
6,17/05/2021,7.0555,1_before watering,4.77425,1,elevated,drought,yes
6,20/05/2021,6.873,1_before watering,4.77425,1,elevated,drought,yes
6,24/05/2021,6.687,1_before watering,4.77425,1,elevated,drought,yes
6,27/05/2021,6.4985,1_before watering,4.77425,1,elevated,drought,yes
14,30/04/2021,6.643,2_after watering,4.18168,1,elevated,drought,yes
14,04/05/2021,6.3685,1_before watering,4.18168,1,elevated,drought,yes
14,04/05/2021,6.721,2_after watering,4.18168,1,elevated,drought,yes
14,07/05/2021,6.4915,1_before watering,4.18168,1,elevated,drought,yes
14,07/05/2021,6.8175,2_after watering,4.18168,1,elevated,drought,yes
14,10/05/2021,6.4645,1_before watering,4.18168,1,elevated,drought,yes
14,10/05/2021,6.8245,2_after watering,4.18168,1,elevated,drought,yes
14,13/05/2021,6.4785,1_before watering,4.18168,1,elevated,drought,yes
14,13/05/2021,6.8345,2_after watering,4.18168,1,elevated,drought,yes
14,17/05/2021,6.4665,1_before watering,4.18168,1,elevated,drought,yes
14,20/05/2021,6.0665,1_before watering,4.18168,1,elevated,drought,yes
14,24/05/2021,5.669,1_before watering,4.18168,1,elevated,drought,yes
14,27/05/2021,5.487,1_before watering,4.18168,1,elevated,drought,yes
14,31/05/2021,5.3615,1_before watering,4.18168,1,elevated,drought,yes
14,03/06/2021,5.283,1_before watering,4.18168,1,elevated,drought,yes
14,09/06/2021,5.179,1_before watering,4.18168,1,elevated,drought,yes
20,29/04/2021,6.921,2_after watering,4.48441,2,ambient,control,yes
20,03/05/2021,NA,1_before watering,4.48441,2,ambient,control,yes
20,03/05/2021,6.8655,2_after watering,4.48441,2,ambient,control,yes
20,06/05/2021,6.524,1_before watering,4.48441,2,ambient,control,yes
20,06/05/2021,6.8815,2_after watering,4.48441,2,ambient,control,yes
20,07/05/2021,6.9265,1_before watering,4.48441,2,ambient,control,yes
20,10/05/2021,6.374,1_before watering,4.48441,2,ambient,control,yes
20,10/05/2021,6.745,2_after watering,4.48441,2,ambient,control,yes
20,13/05/2021,6.2475,1_before watering,4.48441,2,ambient,control,yes
20,13/05/2021,6.9215,2_after watering,4.48441,2,ambient,control,yes
20,17/05/2021,6.323,1_before watering,4.48441,2,ambient,control,yes
20,17/05/2021,6.683,2_after watering,4.48441,2,ambient,control,yes
20,20/05/2021,6.1855,1_before watering,4.48441,2,ambient,control,yes
20,20/05/2021,6.554,2_after watering,4.48441,2,ambient,control,yes
20,24/05/2021,6.065,1_before watering,4.48441,2,ambient,control,yes
20,24/05/2021,6.402,2_after watering,4.48441,2,ambient,control,yes
20,27/05/2021,5.8525,1_before watering,4.48441,2,ambient,control,yes
20,27/05/2021,6.232,2_after watering,4.48441,2,ambient,control,yes
20,31/05/2021,5.736,1_before watering,4.48441,2,ambient,control,yes
20,31/05/2021,6.1085,2_after watering,4.48441,2,ambient,control,yes
20,01/06/2021,6.034,1_before watering,4.48441,2,ambient,control,yes
23,29/04/2021,6.9055,2_after watering,4.43329,2,ambient,drought,yes
23,03/05/2021,NA,1_before watering,4.43329,2,ambient,drought,yes
23,03/05/2021,6.8955,2_after watering,4.43329,2,ambient,drought,yes
23,06/05/2021,6.6695,1_before watering,4.43329,2,ambient,drought,yes
23,06/05/2021,6.961,2_after watering,4.43329,2,ambient,drought,yes
23,07/05/2021,6.908,1_before watering,4.43329,2,ambient,drought,yes
23,10/05/2021,6.45,1_before watering,4.43329,2,ambient,drought,yes
23,10/05/2021,6.829,2_after watering,4.43329,2,ambient,drought,yes
23,12/05/2021,6.4695,1_before watering,4.43329,2,ambient,drought,yes
23,12/05/2021,6.872,2_after watering,4.43329,2,ambient,drought,yes
23,17/05/2021,6.279,1_before watering,4.43329,2,ambient,drought,yes
23,20/05/2021,5.914,1_before watering,4.43329,2,ambient,drought,yes
23,24/05/2021,5.653,1_before watering,4.43329,2,ambient,drought,yes
23,27/05/2021,5.5275,1_before watering,4.43329,2,ambient,drought,yes
24,29/04/2021,7.3195,2_after watering,4.64498,2,ambient,drought,yes
24,03/05/2021,NA,1_before watering,4.64498,2,ambient,drought,yes
24,03/05/2021,7.297,2_after watering,4.64498,2,ambient,drought,yes
24,06/05/2021,7.148,1_before watering,4.64498,2,ambient,drought,yes
24,06/05/2021,7.3705,2_after watering,4.64498,2,ambient,drought,yes
24,07/05/2021,7.2885,1_before watering,4.64498,2,ambient,drought,yes
24,10/05/2021,7.14,1_before watering,4.64498,2,ambient,drought,yes
24,10/05/2021,7.3935,2_after watering,4.64498,2,ambient,drought,yes
24,12/05/2021,7.243,1_before watering,4.64498,2,ambient,drought,yes
24,12/05/2021,7.475,2_after watering,4.64498,2,ambient,drought,yes
24,17/05/2021,7.075,1_before watering,4.64498,2,ambient,drought,yes
24,20/05/2021,6.763,1_before watering,4.64498,2,ambient,drought,yes
24,24/05/2021,6.449,1_before watering,4.64498,2,ambient,drought,yes
24,31/05/2021,6.0405,1_before watering,4.64498,2,ambient,drought,yes
24,03/06/2021,5.9415,1_before watering,4.64498,2,ambient,drought,yes
24,08/06/2021,5.847,1_before watering,4.64498,2,ambient,drought,yes
25,30/04/2021,6.7525,2_after watering,4.26597,1,elevated,drought,yes
25,04/05/2021,6.3835,1_before watering,4.26597,1,elevated,drought,yes
25,04/05/2021,6.729,2_after watering,4.26597,1,elevated,drought,yes
25,07/05/2021,6.425,1_before watering,4.26597,1,elevated,drought,yes
25,07/05/2021,6.791,2_after watering,4.26597,1,elevated,drought,yes
25,10/05/2021,6.5275,1_before watering,4.26597,1,elevated,drought,yes
25,10/05/2021,6.885,2_after watering,4.26597,1,elevated,drought,yes
25,13/05/2021,6.4515,1_before watering,4.26597,1,elevated,drought,yes
25,13/05/2021,6.881,2_after watering,4.26597,1,elevated,drought,yes
25,17/05/2021,6.32,1_before watering,4.26597,1,elevated,drought,yes
25,20/05/2021,5.881,1_before watering,4.26597,1,elevated,drought,yes
25,24/05/2021,5.656,1_before watering,4.26597,1,elevated,drought,yes
25,27/05/2021,5.5345,1_before watering,4.26597,1,elevated,drought,yes
25,31/05/2021,5.444,1_before watering,4.26597,1,elevated,drought,yes
25,03/06/2021,5.389,1_before watering,4.26597,1,elevated,drought,yes
28,29/04/2021,6.2355,2_after watering,3.97424,2,ambient,drought,yes
28,03/05/2021,NA,1_before watering,3.97424,2,ambient,drought,yes
28,03/05/2021,6.264,2_after watering,3.97424,2,ambient,drought,yes
28,06/05/2021,5.986,1_before watering,3.97424,2,ambient,drought,yes
28,06/05/2021,6.339,2_after watering,3.97424,2,ambient,drought,yes
28,07/05/2021,6.2715,1_before watering,3.97424,2,ambient,drought,yes
28,10/05/2021,5.92,1_before watering,3.97424,2,ambient,drought,yes
28,10/05/2021,6.3105,2_after watering,3.97424,2,ambient,drought,yes
28,12/05/2021,6.004,1_before watering,3.97424,2,ambient,drought,yes
28,12/05/2021,6.3725,2_after watering,3.97424,2,ambient,drought,yes
28,17/05/2021,5.751,1_before watering,3.97424,2,ambient,drought,yes
28,20/05/2021,5.442,1_before watering,3.97424,2,ambient,drought,yes
28,24/05/2021,5.2475,1_before watering,3.97424,2,ambient,drought,yes
28,27/05/2021,5.136,1_before watering,3.97424,2,ambient,drought,yes
28,31/05/2021,5.04,1_before watering,3.97424,2,ambient,drought,yes
28,02/06/2021,5.0025,1_before watering,3.97424,2,ambient,drought,yes
31,29/04/2021,6.725,2_after watering,4.46794,2,ambient,control,yes
31,03/05/2021,NA,1_before watering,4.46794,2,ambient,control,yes
31,03/05/2021,6.647,2_after watering,4.46794,2,ambient,control,yes
31,06/05/2021,6.299,1_before watering,4.46794,2,ambient,control,yes
31,06/05/2021,6.678,2_after watering,4.46794,2,ambient,control,yes
31,07/05/2021,6.7465,1_before watering,4.46794,2,ambient,control,yes
31,10/05/2021,6.317,1_before watering,4.46794,2,ambient,control,yes
31,10/05/2021,6.691,2_after watering,4.46794,2,ambient,control,yes
31,13/05/2021,6.2295,1_before watering,4.46794,2,ambient,control,yes
31,13/05/2021,6.587,2_after watering,4.46794,2,ambient,control,yes
31,17/05/2021,6.057,1_before watering,4.46794,2,ambient,control,yes
31,17/05/2021,6.4375,2_after watering,4.46794,2,ambient,control,yes
31,20/05/2021,6.055,1_before watering,4.46794,2,ambient,control,yes
31,20/05/2021,6.4415,2_after watering,4.46794,2,ambient,control,yes
31,24/05/2021,5.852,1_before watering,4.46794,2,ambient,control,yes
31,24/05/2021,6.212,2_after watering,4.46794,2,ambient,control,yes
31,27/05/2021,5.831,1_before watering,4.46794,2,ambient,control,yes
31,27/05/2021,6.202,2_after watering,4.46794,2,ambient,control,yes
31,31/05/2021,5.7295,1_before watering,4.46794,2,ambient,control,yes
31,31/05/2021,6.1055,2_after watering,4.46794,2,ambient,control,yes
31,03/06/2021,5.755,1_before watering,4.46794,2,ambient,control,yes
31,03/06/2021,6.15,2_after watering,4.46794,2,ambient,control,yes
31,06/06/2021,NA,1_before watering,4.46794,2,ambient,control,yes
31,06/06/2021,NA,2_after watering,4.46794,2,ambient,control,yes
31,07/06/2021,6.1105,1_before watering,4.46794,2,ambient,control,yes
33,29/04/2021,6.2685,2_after watering,3.8724,2,ambient,drought,yes
33,03/05/2021,NA,1_before watering,3.8724,2,ambient,drought,yes
33,03/05/2021,6.264,2_after watering,3.8724,2,ambient,drought,yes
33,06/05/2021,6.0115,1_before watering,3.8724,2,ambient,drought,yes
33,06/05/2021,6.3345,2_after watering,3.8724,2,ambient,drought,yes
33,07/05/2021,6.277,1_before watering,3.8724,2,ambient,drought,yes
33,10/05/2021,5.832,1_before watering,3.8724,2,ambient,drought,yes
33,10/05/2021,6.22,2_after watering,3.8724,2,ambient,drought,yes
33,12/05/2021,5.8785,1_before watering,3.8724,2,ambient,drought,yes
33,12/05/2021,6.3015,2_after watering,3.8724,2,ambient,drought,yes
33,17/05/2021,5.6115,1_before watering,3.8724,2,ambient,drought,yes
33,20/05/2021,5.247,1_before watering,3.8724,2,ambient,drought,yes
33,24/05/2021,4.9949,1_before watering,3.8724,2,ambient,drought,yes
33,27/05/2021,4.893,1_before watering,3.8724,2,ambient,drought,yes
35,30/04/2021,6.618,2_after watering,4.03387,1,elevated,drought,yes
35,04/05/2021,6.413,1_before watering,4.03387,1,elevated,drought,yes
35,04/05/2021,6.618,2_after watering,4.03387,1,elevated,drought,yes
35,07/05/2021,6.492,1_before watering,4.03387,1,elevated,drought,yes
35,07/05/2021,6.664,2_after watering,4.03387,1,elevated,drought,yes
35,10/05/2021,6.5025,1_before watering,4.03387,1,elevated,drought,yes
35,10/05/2021,6.7015,2_after watering,4.03387,1,elevated,drought,yes
35,13/05/2021,6.4855,1_before watering,4.03387,1,elevated,drought,yes
35,13/05/2021,6.6945,2_after watering,4.03387,1,elevated,drought,yes
35,17/05/2021,6.5375,1_before watering,4.03387,1,elevated,drought,yes
35,20/05/2021,6.257,1_before watering,4.03387,1,elevated,drought,yes
35,24/05/2021,5.934,1_before watering,4.03387,1,elevated,drought,yes
35,27/05/2021,5.656,1_before watering,4.03387,1,elevated,drought,yes
41,29/04/2021,6.5085,2_after watering,4.02709,2,ambient,drought,yes
41,03/05/2021,NA,1_before watering,4.02709,2,ambient,drought,yes
41,03/05/2021,6.5005,2_after watering,4.02709,2,ambient,drought,yes
41,06/05/2021,6.404,1_before watering,4.02709,2,ambient,drought,yes
41,06/05/2021,6.561,2_after watering,4.02709,2,ambient,drought,yes
41,07/05/2021,6.511,1_before watering,4.02709,2,ambient,drought,yes
41,10/05/2021,6.389,1_before watering,4.02709,2,ambient,drought,yes
41,10/05/2021,6.5875,2_after watering,4.02709,2,ambient,drought,yes
41,12/05/2021,6.4905,1_before watering,4.02709,2,ambient,drought,yes
41,12/05/2021,6.675,2_after watering,4.02709,2,ambient,drought,yes
41,17/05/2021,6.3415,1_before watering,4.02709,2,ambient,drought,yes
41,20/05/2021,6.092,1_before watering,4.02709,2,ambient,drought,yes
41,24/05/2021,5.774,1_before watering,4.02709,2,ambient,drought,yes
41,27/05/2021,5.587,1_before watering,4.02709,2,ambient,drought,yes
42,29/04/2021,6.6465,2_after watering,4.0928,2,ambient,control,yes
42,03/05/2021,NA,1_before watering,4.0928,2,ambient,control,yes
42,03/05/2021,6.625,2_after watering,4.0928,2,ambient,control,yes
42,06/05/2021,6.392,1_before watering,4.0928,2,ambient,control,yes
42,06/05/2021,6.6785,2_after watering,4.0928,2,ambient,control,yes
42,07/05/2021,6.62,1_before watering,4.0928,2,ambient,control,yes
42,10/05/2021,6.312,1_before watering,4.0928,2,ambient,control,yes
42,10/05/2021,6.6685,2_after watering,4.0928,2,ambient,control,yes
42,13/05/2021,6.316,1_before watering,4.0928,2,ambient,control,yes
42,13/05/2021,6.6435,2_after watering,4.0928,2,ambient,control,yes
42,17/05/2021,6.1615,1_before watering,4.0928,2,ambient,control,yes
42,17/05/2021,6.545,2_after watering,4.0928,2,ambient,control,yes
42,20/05/2021,6.188,1_before watering,4.0928,2,ambient,control,yes
42,20/05/2021,6.575,2_after watering,4.0928,2,ambient,control,yes
42,24/05/2021,6.099,1_before watering,4.0928,2,ambient,control,yes
42,24/05/2021,6.473,2_after watering,4.0928,2,ambient,control,yes
42,27/05/2021,6.049,1_before watering,4.0928,2,ambient,control,yes
42,27/05/2021,6.4265,2_after watering,4.0928,2,ambient,control,yes
42,31/05/2021,5.924,1_before watering,4.0928,2,ambient,control,yes
42,31/05/2021,6.3,2_after watering,4.0928,2,ambient,control,yes
42,01/06/2021,6.1915,1_before watering,4.0928,2,ambient,control,yes
46,30/04/2021,6.661,2_after watering,4.03515,1,elevated,drought,yes
46,04/05/2021,6.5345,1_before watering,4.03515,1,elevated,drought,yes
46,04/05/2021,6.6505,2_after watering,4.03515,1,elevated,drought,yes
46,07/05/2021,6.5745,1_before watering,4.03515,1,elevated,drought,yes
46,07/05/2021,6.699,2_after watering,4.03515,1,elevated,drought,yes
46,10/05/2021,6.596,1_before watering,4.03515,1,elevated,drought,yes
46,10/05/2021,6.736,2_after watering,4.03515,1,elevated,drought,yes
46,13/05/2021,6.587,1_before watering,4.03515,1,elevated,drought,yes
46,13/05/2021,6.707,2_after watering,4.03515,1,elevated,drought,yes
46,17/05/2021,6.555,1_before watering,4.03515,1,elevated,drought,yes
46,20/05/2021,6.3925,1_before watering,4.03515,1,elevated,drought,yes
46,24/05/2021,6.179,1_before watering,4.03515,1,elevated,drought,yes
46,27/05/2021,5.9785,1_before watering,4.03515,1,elevated,drought,yes
46,31/05/2021,5.7815,1_before watering,4.03515,1,elevated,drought,yes
46,03/06/2021,5.611,1_before watering,4.03515,1,elevated,drought,yes
46,09/06/2021,5.342,1_before watering,4.03515,1,elevated,drought,yes
50,30/04/2021,6.806,2_after watering,4.25281,1,elevated,drought,yes
50,04/05/2021,6.5435,1_before watering,4.25281,1,elevated,drought,yes
50,04/05/2021,6.8615,2_after watering,4.25281,1,elevated,drought,yes
50,07/05/2021,6.615,1_before watering,4.25281,1,elevated,drought,yes
50,07/05/2021,6.909,2_after watering,4.25281,1,elevated,drought,yes
50,10/05/2021,6.5675,1_before watering,4.25281,1,elevated,drought,yes
50,10/05/2021,6.9305,2_after watering,4.25281,1,elevated,drought,yes
50,13/05/2021,6.599,1_before watering,4.25281,1,elevated,drought,yes
50,13/05/2021,6.9165,2_after watering,4.25281,1,elevated,drought,yes
50,17/05/2021,6.5675,1_before watering,4.25281,1,elevated,drought,yes
50,20/05/2021,6.183,1_before watering,4.25281,1,elevated,drought,yes
50,24/05/2021,5.7945,1_before watering,4.25281,1,elevated,drought,yes
50,27/05/2021,5.552,1_before watering,4.25281,1,elevated,drought,yes
54,30/04/2021,6.37,2_after watering,4.0049,1,elevated,control,yes
54,04/05/2021,6.195,1_before watering,4.0049,1,elevated,control,yes
54,04/05/2021,6.3285,2_after watering,4.0049,1,elevated,control,yes
54,07/05/2021,6.0225,1_before watering,4.0049,1,elevated,control,yes
54,07/05/2021,6.388,2_after watering,4.0049,1,elevated,control,yes
54,10/05/2021,6.2295,1_before watering,4.0049,1,elevated,control,yes
54,10/05/2021,6.6025,2_after watering,4.0049,1,elevated,control,yes
54,13/05/2021,6.143,1_before watering,4.0049,1,elevated,control,yes
54,13/05/2021,6.525,2_after watering,4.0049,1,elevated,control,yes
54,17/05/2021,6.031,1_before watering,4.0049,1,elevated,control,yes
54,17/05/2021,6.403,2_after watering,4.0049,1,elevated,control,yes
54,20/05/2021,5.93,1_before watering,4.0049,1,elevated,control,yes
54,20/05/2021,6.3125,2_after watering,4.0049,1,elevated,control,yes
54,24/05/2021,5.86,1_before watering,4.0049,1,elevated,control,yes
54,24/05/2021,6.2105,2_after watering,4.0049,1,elevated,control,yes
54,27/05/2021,5.731,1_before watering,4.0049,1,elevated,control,yes
54,27/05/2021,6.117,2_after watering,4.0049,1,elevated,control,yes
54,31/05/2021,5.6395,1_before watering,4.0049,1,elevated,control,yes
54,31/05/2021,6.011,2_after watering,4.0049,1,elevated,control,yes
54,03/06/2021,5.643,1_before watering,4.0049,1,elevated,control,yes
54,03/06/2021,6.013,2_after watering,4.0049,1,elevated,control,yes
54,06/06/2021,NA,1_before watering,4.0049,1,elevated,control,yes
54,06/06/2021,NA,2_after watering,4.0049,1,elevated,control,yes
54,09/06/2021,5.66,1_before watering,4.0049,1,elevated,control,yes
54,09/06/2021,6.0335,2_after watering,4.0049,1,elevated,control,yes
54,10/06/2021,5.9665,1_before watering,4.0049,1,elevated,control,yes
61,30/04/2021,6.6935,2_after watering,4.01986,1,elevated,control,yes
61,04/05/2021,6.383,1_before watering,4.01986,1,elevated,control,yes
61,04/05/2021,6.704,2_after watering,4.01986,1,elevated,control,yes
61,07/05/2021,6.459,1_before watering,4.01986,1,elevated,control,yes
61,07/05/2021,6.767,2_after watering,4.01986,1,elevated,control,yes
61,10/05/2021,6.5135,1_before watering,4.01986,1,elevated,control,yes
61,10/05/2021,6.8145,2_after watering,4.01986,1,elevated,control,yes
61,13/05/2021,6.55,1_before watering,4.01986,1,elevated,control,yes
61,13/05/2021,6.795,2_after watering,4.01986,1,elevated,control,yes
61,17/05/2021,6.5565,1_before watering,4.01986,1,elevated,control,yes
61,17/05/2021,6.833,2_after watering,4.01986,1,elevated,control,yes
61,20/05/2021,6.5795,1_before watering,4.01986,1,elevated,control,yes
61,20/05/2021,6.4415,2_after watering,4.01986,1,elevated,control,yes
61,24/05/2021,6.543,1_before watering,4.01986,1,elevated,control,yes
61,24/05/2021,6.8325,2_after watering,4.01986,1,elevated,control,yes
61,27/05/2021,6.5165,1_before watering,4.01986,1,elevated,control,yes
61,27/05/2021,6.868,2_after watering,4.01986,1,elevated,control,yes
61,31/05/2021,6.4895,1_before watering,4.01986,1,elevated,control,yes
61,31/05/2021,6.8355,2_after watering,4.01986,1,elevated,control,yes
61,03/06/2021,6.4435,1_before watering,4.01986,1,elevated,control,yes
61,03/06/2021,6.826,2_after watering,4.01986,1,elevated,control,yes
61,06/06/2021,NA,1_before watering,4.01986,1,elevated,control,yes
61,06/06/2021,NA,2_after watering,4.01986,1,elevated,control,yes
61,09/06/2021,6.375,1_before watering,4.01986,1,elevated,control,yes
61,09/06/2021,6.76,2_after watering,4.01986,1,elevated,control,yes
61,10/06/2021,6.6605,1_before watering,4.01986,1,elevated,control,yes
64,03/05/2021,NA,1_before watering,4.54853,2,ambient,control,yes
64,03/05/2021,6.8055,2_after watering,4.54853,2,ambient,control,yes
64,06/05/2021,6.5565,1_before watering,4.54853,2,ambient,control,yes
64,06/05/2021,6.8765,2_after watering,4.54853,2,ambient,control,yes
64,07/05/2021,6.8135,1_before watering,4.54853,2,ambient,control,yes
64,10/05/2021,6.47,1_before watering,4.54853,2,ambient,control,yes
64,10/05/2021,6.8335,2_after watering,4.54853,2,ambient,control,yes
64,13/05/2021,6.4915,1_before watering,4.54853,2,ambient,control,yes
64,13/05/2021,6.8345,2_after watering,4.54853,2,ambient,control,yes
64,17/05/2021,6.41,1_before watering,4.54853,2,ambient,control,yes
64,17/05/2021,6.767,2_after watering,4.54853,2,ambient,control,yes
64,20/05/2021,6.3005,1_before watering,4.54853,2,ambient,control,yes
64,20/05/2021,6.68,2_after watering,4.54853,2,ambient,control,yes
64,24/05/2021,6.24,1_before watering,4.54853,2,ambient,control,yes
64,24/05/2021,6.6025,2_after watering,4.54853,2,ambient,control,yes
64,27/05/2021,6.1565,1_before watering,4.54853,2,ambient,control,yes
64,27/05/2021,6.5445,2_after watering,4.54853,2,ambient,control,yes
64,31/05/2021,6.043,1_before watering,4.54853,2,ambient,control,yes
64,31/05/2021,6.4085,2_after watering,4.54853,2,ambient,control,yes
64,03/06/2021,5.9255,1_before watering,4.54853,2,ambient,control,yes
64,03/06/2021,6.298,2_after watering,4.54853,2,ambient,control,yes
64,06/06/2021,NA,1_before watering,4.54853,2,ambient,control,yes
64,06/06/2021,NA,2_after watering,4.54853,2,ambient,control,yes
64,07/06/2021,6.2525,1_before watering,4.54853,2,ambient,control,yes
68,30/04/2021,6.7095,2_after watering,3.94431,1,elevated,control,yes
68,04/05/2021,6.4595,1_before watering,3.94431,1,elevated,control,yes
68,04/05/2021,6.808,2_after watering,3.94431,1,elevated,control,yes
68,07/05/2021,6.628,1_before watering,3.94431,1,elevated,control,yes
68,07/05/2021,6.803,2_after watering,3.94431,1,elevated,control,yes
68,10/05/2021,6.6505,1_before watering,3.94431,1,elevated,control,yes
68,10/05/2021,6.89,2_after watering,3.94431,1,elevated,control,yes
68,13/05/2021,6.6215,1_before watering,3.94431,1,elevated,control,yes
68,13/05/2021,6.808,2_after watering,3.94431,1,elevated,control,yes
68,17/05/2021,6.6185,1_before watering,3.94431,1,elevated,control,yes
68,17/05/2021,6.8285,2_after watering,3.94431,1,elevated,control,yes
68,20/05/2021,6.575,1_before watering,3.94431,1,elevated,control,yes
68,20/05/2021,NA,2_after watering,3.94431,1,elevated,control,yes
68,24/05/2021,6.6055,1_before watering,3.94431,1,elevated,control,yes
68,24/05/2021,6.838,2_after watering,3.94431,1,elevated,control,yes
68,27/05/2021,6.481,1_before watering,3.94431,1,elevated,control,yes
68,27/05/2021,6.8575,2_after watering,3.94431,1,elevated,control,yes
68,31/05/2021,6.394,1_before watering,3.94431,1,elevated,control,yes
68,31/05/2021,6.7765,2_after watering,3.94431,1,elevated,control,yes
68,01/06/2021,6.678,1_before watering,3.94431,1,elevated,control,yes
69,30/04/2021,7.1865,2_after watering,5.00776,1,elevated,drought,yes
69,04/05/2021,6.816,1_before watering,5.00776,1,elevated,drought,yes
69,04/05/2021,7.149,2_after watering,5.00776,1,elevated,drought,yes
69,07/05/2021,6.8945,1_before watering,5.00776,1,elevated,drought,yes
69,07/05/2021,7.2715,2_after watering,5.00776,1,elevated,drought,yes
69,10/05/2021,7.161,1_before watering,5.00776,1,elevated,drought,yes
69,10/05/2021,7.466,2_after watering,5.00776,1,elevated,drought,yes
69,13/05/2021,7.182,1_before watering,5.00776,1,elevated,drought,yes
69,13/05/2021,7.479,2_after watering,5.00776,1,elevated,drought,yes
69,17/05/2021,7.2565,1_before watering,5.00776,1,elevated,drought,yes
69,20/05/2021,6.947,1_before watering,5.00776,1,elevated,drought,yes
69,24/05/2021,6.63,1_before watering,5.00776,1,elevated,drought,yes
69,27/05/2021,6.3515,1_before watering,5.00776,1,elevated,drought,yes
75,29/04/2021,6.9595,2_after watering,4.8034,2,ambient,drought,yes
75,03/05/2021,NA,1_before watering,4.8034,2,ambient,drought,yes
75,03/05/2021,7,2_after watering,4.8034,2,ambient,drought,yes
75,06/05/2021,6.6715,1_before watering,4.8034,2,ambient,drought,yes
75,06/05/2021,7.026,2_after watering,4.8034,2,ambient,drought,yes
75,07/05/2021,6.946,1_before watering,4.8034,2,ambient,drought,yes
75,10/05/2021,6.5975,1_before watering,4.8034,2,ambient,drought,yes
75,10/05/2021,6.986,2_after watering,4.8034,2,ambient,drought,yes
75,12/05/2021,6.7295,1_before watering,4.8034,2,ambient,drought,yes
75,12/05/2021,7.094,2_after watering,4.8034,2,ambient,drought,yes
75,17/05/2021,6.5605,1_before watering,4.8034,2,ambient,drought,yes
75,20/05/2021,6.272,1_before watering,4.8034,2,ambient,drought,yes
75,24/05/2021,6.0045,1_before watering,4.8034,2,ambient,drought,yes
75,27/05/2021,5.8955,1_before watering,4.8034,2,ambient,drought,yes
77,29/04/2021,7.727,2_after watering,5.04364,2,ambient,drought,yes
77,03/05/2021,NA,1_before watering,5.04364,2,ambient,drought,yes
77,03/05/2021,7.707,2_after watering,5.04364,2,ambient,drought,yes
77,06/05/2021,7.51,1_before watering,5.04364,2,ambient,drought,yes
77,06/05/2021,7.782,2_after watering,5.04364,2,ambient,drought,yes
77,07/05/2021,7.697,1_before watering,5.04364,2,ambient,drought,yes
77,10/05/2021,7.505,1_before watering,5.04364,2,ambient,drought,yes
77,10/05/2021,7.8075,2_after watering,5.04364,2,ambient,drought,yes
77,12/05/2021,7.602,1_before watering,5.04364,2,ambient,drought,yes
77,12/05/2021,7.8805,2_after watering,5.04364,2,ambient,drought,yes
77,17/05/2021,7.479,1_before watering,5.04364,2,ambient,drought,yes
77,20/05/2021,7.2105,1_before watering,5.04364,2,ambient,drought,yes
77,24/05/2021,6.886,1_before watering,5.04364,2,ambient,drought,yes
77,27/05/2021,6.65,1_before watering,5.04364,2,ambient,drought,yes
77,31/05/2021,6.4375,1_before watering,5.04364,2,ambient,drought,yes
77,02/06/2021,6.3325,1_before watering,5.04364,2,ambient,drought,yes
80,29/04/2021,7.1895,2_after watering,4.68694,2,ambient,control,yes
80,03/05/2021,NA,1_before watering,4.68694,2,ambient,control,yes
80,03/05/2021,7.1955,2_after watering,4.68694,2,ambient,control,yes
80,06/05/2021,7.1185,1_before watering,4.68694,2,ambient,control,yes
80,06/05/2021,7.2545,2_after watering,4.68694,2,ambient,control,yes
80,07/05/2021,7.2015,1_before watering,4.68694,2,ambient,control,yes
80,10/05/2021,7.084,1_before watering,4.68694,2,ambient,control,yes
80,10/05/2021,7.2775,2_after watering,4.68694,2,ambient,control,yes
80,13/05/2021,7.0685,1_before watering,4.68694,2,ambient,control,yes
80,13/05/2021,7.24,2_after watering,4.68694,2,ambient,control,yes
80,17/05/2021,7.031,1_before watering,4.68694,2,ambient,control,yes
80,17/05/2021,7.2585,2_after watering,4.68694,2,ambient,control,yes
80,20/05/2021,7.017,1_before watering,4.68694,2,ambient,control,yes
80,20/05/2021,7.3145,2_after watering,4.68694,2,ambient,control,yes
80,24/05/2021,6.9535,1_before watering,4.68694,2,ambient,control,yes
80,24/05/2021,7.236,2_after watering,4.68694,2,ambient,control,yes
80,27/05/2021,6.9515,1_before watering,4.68694,2,ambient,control,yes
80,27/05/2021,7.2635,2_after watering,4.68694,2,ambient,control,yes
80,31/05/2021,6.913,1_before watering,4.68694,2,ambient,control,yes
80,31/05/2021,7.232,2_after watering,4.68694,2,ambient,control,yes
80,01/06/2021,7.1995,1_before watering,4.68694,2,ambient,control,yes
80,03/06/2021,6.9345,1_before watering,4.68694,2,ambient,control,yes
80,03/06/2021,7.279,2_after watering,4.68694,2,ambient,control,yes
80,06/06/2021,NA,1_before watering,4.68694,2,ambient,control,yes
80,06/06/2021,NA,2_after watering,4.68694,2,ambient,control,yes
80,07/06/2021,7.1995,1_before watering,4.68694,2,ambient,control,yes
89,30/04/2021,7.511,2_after watering,4.73809,1,elevated,control,yes
89,04/05/2021,7.327,1_before watering,4.73809,1,elevated,control,yes
89,04/05/2021,7.4995,2_after watering,4.73809,1,elevated,control,yes
89,07/05/2021,7.4125,1_before watering,4.73809,1,elevated,control,yes
89,07/05/2021,7.5455,2_after watering,4.73809,1,elevated,control,yes
89,10/05/2021,7.372,1_before watering,4.73809,1,elevated,control,yes
89,10/05/2021,7.5505,2_after watering,4.73809,1,elevated,control,yes
89,13/05/2021,7.377,1_before watering,4.73809,1,elevated,control,yes
89,13/05/2021,7.8605,2_after watering,4.73809,1,elevated,control,yes
89,17/05/2021,7.391,1_before watering,4.73809,1,elevated,control,yes
89,17/05/2021,7.568,2_after watering,4.73809,1,elevated,control,yes
89,20/05/2021,7.3935,1_before watering,4.73809,1,elevated,control,yes
89,20/05/2021,7.554,2_after watering,4.73809,1,elevated,control,yes
89,24/05/2021,7.147,1_before watering,4.73809,1,elevated,control,yes
89,24/05/2021,7.459,2_after watering,4.73809,1,elevated,control,yes
89,27/05/2021,7.22,1_before watering,4.73809,1,elevated,control,yes
89,27/05/2021,7.5325,2_after watering,4.73809,1,elevated,control,yes
89,31/05/2021,7.2295,1_before watering,4.73809,1,elevated,control,yes
89,31/05/2021,7.5175,2_after watering,4.73809,1,elevated,control,yes
89,03/06/2021,7.2455,1_before watering,4.73809,1,elevated,control,yes
89,03/06/2021,7.59,2_after watering,4.73809,1,elevated,control,yes
89,06/06/2021,NA,1_before watering,4.73809,1,elevated,control,yes
89,06/06/2021,NA,2_after watering,4.73809,1,elevated,control,yes
89,09/06/2021,7.391,1_before watering,4.73809,1,elevated,control,yes
89,09/06/2021,7.7555,2_after watering,4.73809,1,elevated,control,yes
89,10/06/2021,7.531,1_before watering,4.73809,1,elevated,control,yes
101,30/04/2021,7.1555,2_after watering,4.58273,1,elevated,drought,yes
101,04/05/2021,6.7845,1_before watering,4.58273,1,elevated,drought,yes
101,04/05/2021,7.097,2_after watering,4.58273,1,elevated,drought,yes
101,07/05/2021,6.8135,1_before watering,4.58273,1,elevated,drought,yes
101,07/05/2021,7.1505,2_after watering,4.58273,1,elevated,drought,yes
101,10/05/2021,6.8435,1_before watering,4.58273,1,elevated,drought,yes
101,10/05/2021,7.1935,2_after watering,4.58273,1,elevated,drought,yes
101,13/05/2021,6.843,1_before watering,4.58273,1,elevated,drought,yes
101,13/05/2021,7.1995,2_after watering,4.58273,1,elevated,drought,yes
101,17/05/2021,6.896,1_before watering,4.58273,1,elevated,drought,yes
101,20/05/2021,6.6045,1_before watering,4.58273,1,elevated,drought,yes
101,24/05/2021,6.2845,1_before watering,4.58273,1,elevated,drought,yes
101,27/05/2021,5.9215,1_before watering,4.58273,1,elevated,drought,yes
101,31/05/2021,5.706,1_before watering,4.58273,1,elevated,drought,yes
101,03/06/2021,5.61,1_before watering,4.58273,1,elevated,drought,yes
104,30/04/2021,7.4115,2_after watering,4.84869,1,elevated,drought,yes
104,04/05/2021,7.097,1_before watering,4.84869,1,elevated,drought,yes
104,04/05/2021,7.386,2_after watering,4.84869,1,elevated,drought,yes
104,07/05/2021,7.17,1_before watering,4.84869,1,elevated,drought,yes
104,07/05/2021,7.436,2_after watering,4.84869,1,elevated,drought,yes
104,10/05/2021,7.1735,1_before watering,4.84869,1,elevated,drought,yes
104,10/05/2021,7.4655,2_after watering,4.84869,1,elevated,drought,yes
104,13/05/2021,7.154,1_before watering,4.84869,1,elevated,drought,yes
104,13/05/2021,7.4745,2_after watering,4.84869,1,elevated,drought,yes
104,17/05/2021,7.1795,1_before watering,4.84869,1,elevated,drought,yes
104,24/05/2021,6.5315,1_before watering,4.84869,1,elevated,drought,yes
104,27/05/2021,6.2845,1_before watering,4.84869,1,elevated,drought,yes
107,29/04/2021,7.2035,2_after watering,4.58607,2,ambient,drought,yes
107,03/05/2021,NA,1_before watering,4.58607,2,ambient,drought,yes
107,03/05/2021,7.1915,2_after watering,4.58607,2,ambient,drought,yes
107,06/05/2021,7.017,1_before watering,4.58607,2,ambient,drought,yes
107,06/05/2021,7.261,2_after watering,4.58607,2,ambient,drought,yes
107,07/05/2021,7.172,1_before watering,4.58607,2,ambient,drought,yes
107,10/05/2021,6.944,1_before watering,4.58607,2,ambient,drought,yes
107,10/05/2021,7.243,2_after watering,4.58607,2,ambient,drought,yes
107,12/05/2021,7.0435,1_before watering,4.58607,2,ambient,drought,yes
107,12/05/2021,7.3645,2_after watering,4.58607,2,ambient,drought,yes
107,17/05/2021,6.8935,1_before watering,4.58607,2,ambient,drought,yes
107,20/05/2021,6.5765,1_before watering,4.58607,2,ambient,drought,yes
107,24/05/2021,6.3165,1_before watering,4.58607,2,ambient,drought,yes
107,27/05/2021,6.0305,1_before watering,4.58607,2,ambient,drought,yes
107,31/05/2021,5.7855,1_before watering,4.58607,2,ambient,drought,yes
107,02/06/2021,5.708,1_before watering,4.58607,2,ambient,drought,yes
111,30/04/2021,7.0995,2_after watering,4.53626,1,elevated,control,yes
111,04/05/2021,6.942,1_before watering,4.53626,1,elevated,control,yes
111,04/05/2021,7.0945,2_after watering,4.53626,1,elevated,control,yes
111,07/05/2021,6.9525,1_before watering,4.53626,1,elevated,control,yes
111,07/05/2021,7.1295,2_after watering,4.53626,1,elevated,control,yes
111,10/05/2021,7.045,1_before watering,4.53626,1,elevated,control,yes
111,10/05/2021,7.3245,2_after watering,4.53626,1,elevated,control,yes
111,13/05/2021,7.0995,1_before watering,4.53626,1,elevated,control,yes
111,13/05/2021,7.224,2_after watering,4.53626,1,elevated,control,yes
111,17/05/2021,7.111,1_before watering,4.53626,1,elevated,control,yes
111,17/05/2021,7.243,2_after watering,4.53626,1,elevated,control,yes
111,20/05/2021,7.1605,1_before watering,4.53626,1,elevated,control,yes
111,20/05/2021,7.301,2_after watering,4.53626,1,elevated,control,yes
111,24/05/2021,7.0935,1_before watering,4.53626,1,elevated,control,yes
111,24/05/2021,7.2425,2_after watering,4.53626,1,elevated,control,yes
111,27/05/2021,7.043,1_before watering,4.53626,1,elevated,control,yes
111,27/05/2021,7.2725,2_after watering,4.53626,1,elevated,control,yes
111,31/05/2021,7.09,1_before watering,4.53626,1,elevated,control,yes
111,31/05/2021,7.241,2_after watering,4.53626,1,elevated,control,yes
111,01/06/2021,7.1665,1_before watering,4.53626,1,elevated,control,yes
112,30/04/2021,6.811,2_after watering,4.28681,1,elevated,drought,yes
112,04/05/2021,6.593,1_before watering,4.28681,1,elevated,drought,yes
112,04/05/2021,6.8235,2_after watering,4.28681,1,elevated,drought,yes
112,07/05/2021,6.6905,1_before watering,4.28681,1,elevated,drought,yes
112,07/05/2021,6.877,2_after watering,4.28681,1,elevated,drought,yes
112,10/05/2021,6.6405,1_before watering,4.28681,1,elevated,drought,yes
112,10/05/2021,6.9745,2_after watering,4.28681,1,elevated,drought,yes
112,13/05/2021,6.676,1_before watering,4.28681,1,elevated,drought,yes
112,13/05/2021,6.9205,2_after watering,4.28681,1,elevated,drought,yes
112,17/05/2021,6.7745,1_before watering,4.28681,1,elevated,drought,yes
112,20/05/2021,6.519,1_before watering,4.28681,1,elevated,drought,yes
112,24/05/2021,6.2325,1_before watering,4.28681,1,elevated,drought,yes
112,27/05/2021,5.9535,1_before watering,4.28681,1,elevated,drought,yes
112,31/05/2021,5.733,1_before watering,4.28681,1,elevated,drought,yes
112,03/06/2021,5.6125,1_before watering,4.28681,1,elevated,drought,yes
116,29/04/2021,7.1125,2_after watering,4.51913,2,ambient,drought,yes
116,03/05/2021,NA,1_before watering,4.51913,2,ambient,drought,yes
116,03/05/2021,7.105,2_after watering,4.51913,2,ambient,drought,yes
116,06/05/2021,6.942,1_before watering,4.51913,2,ambient,drought,yes
116,06/05/2021,7.1675,2_after watering,4.51913,2,ambient,drought,yes
116,07/05/2021,7.09,1_before watering,4.51913,2,ambient,drought,yes
116,10/05/2021,6.676,1_before watering,4.51913,2,ambient,drought,yes
116,10/05/2021,7.1135,2_after watering,4.51913,2,ambient,drought,yes
116,12/05/2021,6.8315,1_before watering,4.51913,2,ambient,drought,yes
116,12/05/2021,7.1995,2_after watering,4.51913,2,ambient,drought,yes
116,17/05/2021,6.667,1_before watering,4.51913,2,ambient,drought,yes
116,20/05/2021,6.3965,1_before watering,4.51913,2,ambient,drought,yes
116,24/05/2021,6.054,1_before watering,4.51913,2,ambient,drought,yes
116,27/05/2021,5.834,1_before watering,4.51913,2,ambient,drought,yes
116,31/05/2021,5.617,1_before watering,4.51913,2,ambient,drought,yes
116,03/06/2021,5.518,1_before watering,4.51913,2,ambient,drought,yes
116,08/06/2021,5.4175,1_before watering,4.51913,2,ambient,drought,yes
121,06/05/2021,5.8475,1_before watering,3.88309,2,ambient,control,no
121,06/05/2021,6.117,2_after watering,3.88309,2,ambient,control,no
121,07/05/2021,6.105,1_before watering,3.88309,2,ambient,control,no
121,10/05/2021,5.9795,1_before watering,3.88309,2,ambient,control,no
121,10/05/2021,6.105,2_after watering,3.88309,2,ambient,control,no
121,13/05/2021,5.926,1_before watering,3.88309,2,ambient,control,no
121,13/05/2021,6.0895,2_after watering,3.88309,2,ambient,control,no
121,17/05/2021,5.9515,1_before watering,3.88309,2,ambient,control,no
121,17/05/2021,6.165,2_after watering,3.88309,2,ambient,control,no
121,20/05/2021,6.1175,1_before watering,3.88309,2,ambient,control,no
121,20/05/2021,6.2905,2_after watering,3.88309,2,ambient,control,no
121,24/05/2021,6.1675,1_before watering,3.88309,2,ambient,control,no
121,24/05/2021,6.271,2_after watering,3.88309,2,ambient,control,no
121,27/05/2021,6.158,1_before watering,3.88309,2,ambient,control,no
121,27/05/2021,6.322,2_after watering,3.88309,2,ambient,control,no
121,31/05/2021,6.2055,1_before watering,3.88309,2,ambient,control,no
121,31/05/2021,6.3075,2_after watering,3.88309,2,ambient,control,no
121,03/06/2021,NA,1_before watering,3.88309,2,ambient,control,no
121,03/06/2021,6.382,2_after watering,3.88309,2,ambient,control,no
121,09/06/2021,6.1185,1_before watering,3.88309,2,ambient,control,no
122,06/05/2021,5.159,1_before watering,3.59637,2,ambient,drought,no
122,06/05/2021,5.534,2_after watering,3.59637,2,ambient,drought,no
122,07/05/2021,5.5095,1_before watering,3.59637,2,ambient,drought,no
122,10/05/2021,5.4005,1_before watering,3.59637,2,ambient,drought,no
122,10/05/2021,5.5105,2_after watering,3.59637,2,ambient,drought,no
122,12/05/2021,5.4385,1_before watering,3.59637,2,ambient,drought,no
122,12/05/2021,5.6505,2_after watering,3.59637,2,ambient,drought,no
122,17/05/2021,5.468,1_before watering,3.59637,2,ambient,drought,no
122,20/05/2021,5.3725,1_before watering,3.59637,2,ambient,drought,no
122,24/05/2021,5.269,1_before watering,3.59637,2,ambient,drought,no
122,27/05/2021,5.2065,1_before watering,3.59637,2,ambient,drought,no
122,31/05/2021,5.1455,1_before watering,3.59637,2,ambient,drought,no
122,03/06/2021,5.1025,1_before watering,3.59637,2,ambient,drought,no
122,09/06/2021,5.0405,1_before watering,3.59637,2,ambient,drought,no
123,06/05/2021,6.141,1_before watering,4.51872,2,ambient,drought,no
123,06/05/2021,6.5035,2_after watering,4.51872,2,ambient,drought,no
123,07/05/2021,6.4695,1_before watering,4.51872,2,ambient,drought,no
123,10/05/2021,6.2735,1_before watering,4.51872,2,ambient,drought,no
123,10/05/2021,6.3935,2_after watering,4.51872,2,ambient,drought,no
123,12/05/2021,6.26,1_before watering,4.51872,2,ambient,drought,no
123,12/05/2021,6.4585,2_after watering,4.51872,2,ambient,drought,no
123,13/05/2021,6.267,1_before watering,4.51872,2,ambient,drought,no
123,17/05/2021,6.313,1_before watering,4.51872,2,ambient,drought,no
123,17/05/2021,6.6005,2_after watering,4.51872,2,ambient,drought,no
123,20/05/2021,6.522,1_before watering,4.51872,2,ambient,drought,no
123,24/05/2021,6.39,1_before watering,4.51872,2,ambient,drought,no
123,27/05/2021,6.3155,1_before watering,4.51872,2,ambient,drought,no
123,31/05/2021,6.2535,1_before watering,4.51872,2,ambient,drought,no
123,03/06/2021,6.214,1_before watering,4.51872,2,ambient,drought,no
123,09/06/2021,6.146,1_before watering,4.51872,2,ambient,drought,no
124,06/05/2021,6.7815,1_before watering,4.69341,2,ambient,drought,no
124,06/05/2021,7.027,2_after watering,4.69341,2,ambient,drought,no
124,07/05/2021,6.9555,1_before watering,4.69341,2,ambient,drought,no
124,10/05/2021,6.903,1_before watering,4.69341,2,ambient,drought,no
124,10/05/2021,7.0425,2_after watering,4.69341,2,ambient,drought,no
124,12/05/2021,6.065,1_before watering,4.69341,2,ambient,drought,no
124,12/05/2021,7.0685,2_after watering,4.69341,2,ambient,drought,no
124,17/05/2021,6.6275,1_before watering,4.69341,2,ambient,drought,no
124,20/05/2021,6.4275,1_before watering,4.69341,2,ambient,drought,no
124,24/05/2021,6.2775,1_before watering,4.69341,2,ambient,drought,no
124,27/05/2021,6.184,1_before watering,4.69341,2,ambient,drought,no
124,31/05/2021,6.1085,1_before watering,4.69341,2,ambient,drought,no
124,03/06/2021,6.058,1_before watering,4.69341,2,ambient,drought,no
124,09/06/2021,5.978,1_before watering,4.69341,2,ambient,drought,no
125,06/05/2021,6.063,1_before watering,4.31414,2,ambient,control,no
125,06/05/2021,6.434,2_after watering,4.31414,2,ambient,control,no
125,07/05/2021,6.3795,1_before watering,4.31414,2,ambient,control,no
125,10/05/2021,6.26,1_before watering,4.31414,2,ambient,control,no
125,10/05/2021,6.378,2_after watering,4.31414,2,ambient,control,no
125,13/05/2021,6.457,2_after watering,4.31414,2,ambient,control,no
125,17/05/2021,6.268,1_before watering,4.31414,2,ambient,control,no
125,17/05/2021,6.5525,2_after watering,4.31414,2,ambient,control,no
125,20/05/2021,6.424,1_before watering,4.31414,2,ambient,control,no
125,20/05/2021,6.6475,2_after watering,4.31414,2,ambient,control,no
125,24/05/2021,6.5435,1_before watering,4.31414,2,ambient,control,no
125,24/05/2021,6.658,2_after watering,4.31414,2,ambient,control,no
125,27/05/2021,6.584,1_before watering,4.31414,2,ambient,control,no
125,27/05/2021,6.7335,2_after watering,4.31414,2,ambient,control,no
125,31/05/2021,6.5975,1_before watering,4.31414,2,ambient,control,no
125,31/05/2021,6.7065,2_after watering,4.31414,2,ambient,control,no
125,03/06/2021,6.6355,1_before watering,4.31414,2,ambient,control,no
125,03/06/2021,6.7795,2_after watering,4.31414,2,ambient,control,no
125,09/06/2021,6.7475,1_before watering,4.31414,2,ambient,control,no
126,07/05/2021,5.9075,1_before watering,3.75781,1,elevated,drought,no
126,07/05/2021,6.1745,2_after watering,3.75781,1,elevated,drought,no
126,10/05/2021,6.022,1_before watering,3.75781,1,elevated,drought,no
126,10/05/2021,6.1415,2_after watering,3.75781,1,elevated,drought,no
126,13/05/2021,5.911,1_before watering,3.75781,1,elevated,drought,no
126,13/05/2021,6.087,2_after watering,3.75781,1,elevated,drought,no
126,17/05/2021,5.9205,1_before watering,3.75781,1,elevated,drought,no
126,20/05/2021,5.818,1_before watering,3.75781,1,elevated,drought,no
126,24/05/2021,5.707,1_before watering,3.75781,1,elevated,drought,no
126,27/05/2021,5.5785,1_before watering,3.75781,1,elevated,drought,no
126,31/05/2021,5.4595,1_before watering,3.75781,1,elevated,drought,no
126,03/06/2021,5.4325,1_before watering,3.75781,1,elevated,drought,no
126,09/06/2021,5.233,1_before watering,3.75781,1,elevated,drought,no
127,07/05/2021,5.8425,1_before watering,3.82646,1,elevated,control,no
127,07/05/2021,6.148,2_after watering,3.82646,1,elevated,control,no
127,10/05/2021,5.953,1_before watering,3.82646,1,elevated,control,no
127,10/05/2021,6.2535,2_after watering,3.82646,1,elevated,control,no
127,13/05/2021,5.9945,1_before watering,3.82646,1,elevated,control,no
127,13/05/2021,6.1235,2_after watering,3.82646,1,elevated,control,no
127,17/05/2021,5.9485,1_before watering,3.82646,1,elevated,control,no
127,17/05/2021,6.144,2_after watering,3.82646,1,elevated,control,no
127,20/05/2021,6.095,1_before watering,3.82646,1,elevated,control,no
127,20/05/2021,6.2905,2_after watering,3.82646,1,elevated,control,no
127,24/05/2021,6.0605,1_before watering,3.82646,1,elevated,control,no
127,24/05/2021,6.182,2_after watering,3.82646,1,elevated,control,no
127,27/05/2021,6.068,1_before watering,3.82646,1,elevated,control,no
127,27/05/2021,6.236,2_after watering,3.82646,1,elevated,control,no
127,31/05/2021,6.118,1_before watering,3.82646,1,elevated,control,no
127,31/05/2021,6.2105,2_after watering,3.82646,1,elevated,control,no
127,03/06/2021,6.212,1_before watering,3.82646,1,elevated,control,no
127,03/06/2021,6.1475,2_after watering,3.82646,1,elevated,control,no
127,09/06/2021,6.138,1_before watering,3.82646,1,elevated,control,no
128,07/05/2021,5.89,1_before watering,3.79983,1,elevated,drought,no
128,07/05/2021,6.2495,2_after watering,3.79983,1,elevated,drought,no
128,10/05/2021,6.0555,1_before watering,3.79983,1,elevated,drought,no
128,10/05/2021,6.4215,2_after watering,3.79983,1,elevated,drought,no
128,13/05/2021,6.1815,1_before watering,3.79983,1,elevated,drought,no
128,13/05/2021,6.2765,2_after watering,3.79983,1,elevated,drought,no
128,17/05/2021,6.1045,1_before watering,3.79983,1,elevated,drought,no
128,20/05/2021,5.984,1_before watering,3.79983,1,elevated,drought,no
128,24/05/2021,5.8775,1_before watering,3.79983,1,elevated,drought,no
128,27/05/2021,5.7575,1_before watering,3.79983,1,elevated,drought,no
128,31/05/2021,5.6195,1_before watering,3.79983,1,elevated,drought,no
128,03/06/2021,5.586,1_before watering,3.79983,1,elevated,drought,no
128,09/06/2021,5.4165,1_before watering,3.79983,1,elevated,drought,no
129,07/05/2021,6.1535,1_before watering,4.18666,1,elevated,drought,no
129,07/05/2021,6.4145,2_after watering,4.18666,1,elevated,drought,no
129,10/05/2021,6.291,1_before watering,4.18666,1,elevated,drought,no
129,10/05/2021,6.41,2_after watering,4.18666,1,elevated,drought,no
129,13/05/2021,6.229,1_before watering,4.18666,1,elevated,drought,no
129,13/05/2021,6.3685,2_after watering,4.18666,1,elevated,drought,no
129,17/05/2021,6.201,1_before watering,4.18666,1,elevated,drought,no
129,20/05/2021,6.0615,1_before watering,4.18666,1,elevated,drought,no
129,24/05/2021,5.942,1_before watering,4.18666,1,elevated,drought,no
129,27/05/2021,5.8605,1_before watering,4.18666,1,elevated,drought,no
129,31/05/2021,5.7605,1_before watering,4.18666,1,elevated,drought,no
129,03/06/2021,5.7035,1_before watering,4.18666,1,elevated,drought,no
129,09/06/2021,5.6215,1_before watering,4.18666,1,elevated,drought,no
130,07/05/2021,5.7605,1_before watering,3.62721,1,elevated,control,no
130,07/05/2021,5.9985,2_after watering,3.62721,1,elevated,control,no
130,10/05/2021,5.924,1_before watering,3.62721,1,elevated,control,no
130,10/05/2021,6.035,2_after watering,3.62721,1,elevated,control,no
130,13/05/2021,5.859,1_before watering,3.62721,1,elevated,control,no
130,13/05/2021,5.9615,2_after watering,3.62721,1,elevated,control,no
130,17/05/2021,5.82,1_before watering,3.62721,1,elevated,control,no
130,17/05/2021,5.991,2_after watering,3.62721,1,elevated,control,no
130,20/05/2021,5.938,1_before watering,3.62721,1,elevated,control,no
130,20/05/2021,6.062,2_after watering,3.62721,1,elevated,control,no
130,24/05/2021,5.904,1_before watering,3.62721,1,elevated,control,no
130,24/05/2021,6.022,2_after watering,3.62721,1,elevated,control,no
130,27/05/2021,5.855,1_before watering,3.62721,1,elevated,control,no
130,27/05/2021,6.051,2_after watering,3.62721,1,elevated,control,no
130,31/05/2021,5.9375,1_before watering,3.62721,1,elevated,control,no
130,31/05/2021,6.048,2_after watering,3.62721,1,elevated,control,no
130,03/06/2021,5.9655,1_before watering,3.62721,1,elevated,control,no
130,03/06/2021,6.128,2_after watering,3.62721,1,elevated,control,no
130,09/06/2021,6.026,1_before watering,3.62721,1,elevated,control,no
