"id_plant","date","weight_kg","timing","estimated_weight_after","dryW_kg","phyto","treatment_co2","water_treatment","plant_in_pot","increment_g","day_incr","daily_transp","estimated_weight_before","daily_transp_est_20210506","daily_transp_est_20210603"
3,2021-04-29,6.7345,"2_after watering","no",4.30181,2,"ambient","drought","yes",NA,NA,NA,"no",NA,NA
3,2021-05-03,6.66666666666667,"1_before watering","no",4.30181,2,"ambient","drought","yes",63.3333333333338,4,NA,"yes",15.8333333333334,NA
3,2021-05-03,6.73,"2_after watering","no",4.30181,2,"ambient","drought","yes",NA,NA,NA,"no",NA,NA
3,2021-05-06,6.6825,"1_before watering","no",4.30181,2,"ambient","drought","yes",47.5000000000003,3,15.8333333333334,"no",15.8333333333334,NA
3,2021-05-06,6.802,"2_after watering","no",4.30181,2,"ambient","drought","yes",NA,NA,NA,"no",NA,NA
3,2021-05-07,6.7285,"1_before watering","no",4.30181,2,"ambient","drought","yes",73.4999999999992,1,73.4999999999992,"no",15.8333333333334,NA
3,2021-05-10,6.652,"1_before watering","no",4.30181,2,"ambient","drought","yes",76.5000000000002,3,25.5000000000001,"no",15.8333333333334,NA
3,2021-05-10,6.8395,"2_after watering","no",4.30181,2,"ambient","drought","yes",NA,NA,NA,"no",NA,NA
3,2021-05-12,6.7275,"1_before watering","no",4.30181,2,"ambient","drought","yes",112,2,56,"no",15.8333333333334,NA
3,2021-05-12,6.902,"2_after watering","no",4.30181,2,"ambient","drought","yes",NA,NA,NA,"no",NA,NA
3,2021-05-17,6.676,"1_before watering","no",4.30181,2,"ambient","drought","yes",226,5,45.2,"no",15.8333333333334,NA
3,2021-05-20,6.436,"1_before watering","no",4.30181,2,"ambient","drought","yes",240,3,80.0000000000001,"no",15.8333333333334,NA
3,2021-05-24,6.18,"1_before watering","no",4.30181,2,"ambient","drought","yes",256,4,64.0000000000001,"no",15.8333333333334,NA
3,2021-05-27,6.0235,"1_before watering","no",4.30181,2,"ambient","drought","yes",156.499999999999,3,52.1666666666665,"no",15.8333333333334,NA
6,2021-04-30,7.155,"2_after watering","no",4.77425,1,"elevated","drought","yes",NA,NA,NA,"no",NA,NA
6,2021-05-04,6.9465,"1_before watering","no",4.77425,1,"elevated","drought","yes",208.5,4,52.125,"no",NA,NA
6,2021-05-04,7.1925,"2_after watering","no",4.77425,1,"elevated","drought","yes",NA,NA,NA,"no",NA,NA
6,2021-05-07,7.0115,"1_before watering","no",4.77425,1,"elevated","drought","yes",181,3,60.3333333333333,"no",NA,NA
6,2021-05-07,7.1695,"2_after watering","no",4.77425,1,"elevated","drought","yes",NA,NA,NA,"no",NA,NA
6,2021-05-10,7.0615,"1_before watering","no",4.77425,1,"elevated","drought","yes",108.000000000001,3,36.0000000000002,"no",NA,NA
6,2021-05-10,7.22,"2_after watering","no",4.77425,1,"elevated","drought","yes",NA,NA,NA,"no",NA,NA
6,2021-05-13,7.013,"1_before watering","no",4.77425,1,"elevated","drought","yes",207,3,69,"no",NA,NA
6,2021-05-13,7.202,"2_after watering","no",4.77425,1,"elevated","drought","yes",NA,NA,NA,"no",NA,NA
6,2021-05-17,7.0555,"1_before watering","no",4.77425,1,"elevated","drought","yes",146.5,4,36.6249999999999,"no",NA,NA
6,2021-05-20,6.873,"1_before watering","no",4.77425,1,"elevated","drought","yes",182.5,3,60.8333333333334,"no",NA,NA
6,2021-05-24,6.687,"1_before watering","no",4.77425,1,"elevated","drought","yes",186,4,46.5,"no",NA,NA
6,2021-05-27,6.4985,"1_before watering","no",4.77425,1,"elevated","drought","yes",188.5,3,62.8333333333334,"no",NA,NA
14,2021-04-30,6.643,"2_after watering","no",4.18168,1,"elevated","drought","yes",NA,NA,NA,"no",NA,NA
14,2021-05-04,6.3685,"1_before watering","no",4.18168,1,"elevated","drought","yes",274.5,4,68.6249999999999,"no",NA,NA
14,2021-05-04,6.721,"2_after watering","no",4.18168,1,"elevated","drought","yes",NA,NA,NA,"no",NA,NA
14,2021-05-07,6.4915,"1_before watering","no",4.18168,1,"elevated","drought","yes",229.5,3,76.4999999999999,"no",NA,NA
14,2021-05-07,6.8175,"2_after watering","no",4.18168,1,"elevated","drought","yes",NA,NA,NA,"no",NA,NA
14,2021-05-10,6.4645,"1_before watering","no",4.18168,1,"elevated","drought","yes",353,3,117.666666666667,"no",NA,NA
14,2021-05-10,6.8245,"2_after watering","no",4.18168,1,"elevated","drought","yes",NA,NA,NA,"no",NA,NA
14,2021-05-13,6.4785,"1_before watering","no",4.18168,1,"elevated","drought","yes",345.999999999999,3,115.333333333333,"no",NA,NA
14,2021-05-13,6.8345,"2_after watering","no",4.18168,1,"elevated","drought","yes",NA,NA,NA,"no",NA,NA
14,2021-05-17,6.4665,"1_before watering","no",4.18168,1,"elevated","drought","yes",368,4,92.0000000000001,"no",NA,NA
14,2021-05-20,6.0665,"1_before watering","no",4.18168,1,"elevated","drought","yes",400,3,133.333333333333,"no",NA,NA
14,2021-05-24,5.669,"1_before watering","no",4.18168,1,"elevated","drought","yes",397.5,4,99.375,"no",NA,NA
14,2021-05-27,5.487,"1_before watering","no",4.18168,1,"elevated","drought","yes",181.999999999999,3,60.6666666666665,"no",NA,NA
14,2021-05-31,5.3615,"1_before watering","no",4.18168,1,"elevated","drought","yes",125.5,4,31.3749999999999,"no",NA,NA
14,2021-06-03,5.283,"1_before watering","no",4.18168,1,"elevated","drought","yes",78.5,3,26.1666666666667,"no",NA,NA
14,2021-06-09,5.179,"1_before watering","no",4.18168,1,"elevated","drought","yes",104,6,17.3333333333333,"no",NA,NA
20,2021-04-29,6.921,"2_after watering","no",4.48441,2,"ambient","control","yes",NA,NA,NA,"no",NA,NA
20,2021-05-03,6.41016666666667,"1_before watering","no",4.48441,2,"ambient","control","yes",455.333333333333,4,NA,"yes",113.833333333333,NA
20,2021-05-03,6.8655,"2_after watering","no",4.48441,2,"ambient","control","yes",NA,NA,NA,"no",NA,NA
20,2021-05-06,6.524,"1_before watering","no",4.48441,2,"ambient","control","yes",341.5,3,113.833333333333,"no",113.833333333333,NA
20,2021-05-06,6.8815,"2_after watering","no",4.48441,2,"ambient","control","yes",NA,NA,NA,"no",NA,NA
20,2021-05-10,6.374,"1_before watering","no",4.48441,2,"ambient","control","yes",507.5,4,126.875,"no",113.833333333333,NA
20,2021-05-10,6.745,"2_after watering","no",4.48441,2,"ambient","control","yes",NA,NA,NA,"no",NA,NA
20,2021-05-13,6.2475,"1_before watering","no",4.48441,2,"ambient","control","yes",497.500000000001,3,165.833333333334,"no",113.833333333333,NA
20,2021-05-13,6.9215,"2_after watering","no",4.48441,2,"ambient","control","yes",NA,NA,NA,"no",NA,NA
20,2021-05-17,6.323,"1_before watering","no",4.48441,2,"ambient","control","yes",598.5,4,149.625,"no",113.833333333333,NA
20,2021-05-17,6.683,"2_after watering","no",4.48441,2,"ambient","control","yes",NA,NA,NA,"no",NA,NA
20,2021-05-20,6.1855,"1_before watering","no",4.48441,2,"ambient","control","yes",497.5,3,165.833333333333,"no",113.833333333333,NA
20,2021-05-20,6.554,"2_after watering","no",4.48441,2,"ambient","control","yes",NA,NA,NA,"no",NA,NA
20,2021-05-24,6.065,"1_before watering","no",4.48441,2,"ambient","control","yes",489,4,122.25,"no",113.833333333333,NA
20,2021-05-24,6.402,"2_after watering","no",4.48441,2,"ambient","control","yes",NA,NA,NA,"no",NA,NA
20,2021-05-27,5.8525,"1_before watering","no",4.48441,2,"ambient","control","yes",549.5,3,183.166666666667,"no",113.833333333333,NA
20,2021-05-27,6.232,"2_after watering","no",4.48441,2,"ambient","control","yes",NA,NA,NA,"no",NA,NA
20,2021-05-31,5.736,"1_before watering","no",4.48441,2,"ambient","control","yes",496,4,124,"no",113.833333333333,NA
20,2021-05-31,6.1085,"2_after watering","no",4.48441,2,"ambient","control","yes",NA,NA,NA,"no",NA,NA
20,2021-06-01,6.034,"1_before watering","no",4.48441,2,"ambient","control","yes",74.5000000000005,1,NA,"no",113.833333333333,NA
23,2021-04-29,6.9055,"2_after watering","no",4.43329,2,"ambient","drought","yes",NA,NA,NA,"no",NA,NA
23,2021-05-03,6.59416666666667,"1_before watering","no",4.43329,2,"ambient","drought","yes",301.333333333333,4,NA,"yes",75.3333333333333,NA
23,2021-05-03,6.8955,"2_after watering","no",4.43329,2,"ambient","drought","yes",NA,NA,NA,"no",NA,NA
23,2021-05-06,6.6695,"1_before watering","no",4.43329,2,"ambient","drought","yes",226,3,75.3333333333333,"no",75.3333333333333,NA
23,2021-05-06,6.961,"2_after watering","no",4.43329,2,"ambient","drought","yes",NA,NA,NA,"no",NA,NA
23,2021-05-07,6.908,"1_before watering","no",4.43329,2,"ambient","drought","yes",52.9999999999999,1,52.9999999999999,"no",75.3333333333333,NA
23,2021-05-10,6.45,"1_before watering","no",4.43329,2,"ambient","drought","yes",458,3,152.666666666667,"no",75.3333333333333,NA
23,2021-05-10,6.829,"2_after watering","no",4.43329,2,"ambient","drought","yes",NA,NA,NA,"no",NA,NA
23,2021-05-12,6.4695,"1_before watering","no",4.43329,2,"ambient","drought","yes",359.5,2,179.75,"no",75.3333333333333,NA
23,2021-05-12,6.872,"2_after watering","no",4.43329,2,"ambient","drought","yes",NA,NA,NA,"no",NA,NA
23,2021-05-17,6.279,"1_before watering","no",4.43329,2,"ambient","drought","yes",593,5,118.6,"no",75.3333333333333,NA
23,2021-05-20,5.914,"1_before watering","no",4.43329,2,"ambient","drought","yes",365,3,121.666666666667,"no",75.3333333333333,NA
23,2021-05-24,5.653,"1_before watering","no",4.43329,2,"ambient","drought","yes",261,4,65.25,"no",75.3333333333333,NA
23,2021-05-27,5.5275,"1_before watering","no",4.43329,2,"ambient","drought","yes",125.5,3,41.8333333333332,"no",75.3333333333333,NA
24,2021-04-29,7.3195,"2_after watering","no",4.64498,2,"ambient","drought","yes",NA,NA,NA,"no",NA,NA
24,2021-05-03,7.09833333333333,"1_before watering","no",4.64498,2,"ambient","drought","yes",198.666666666667,4,NA,"yes",49.6666666666667,NA
24,2021-05-03,7.297,"2_after watering","no",4.64498,2,"ambient","drought","yes",NA,NA,NA,"no",NA,NA
24,2021-05-06,7.148,"1_before watering","no",4.64498,2,"ambient","drought","yes",149,3,49.6666666666667,"no",49.6666666666667,NA
24,2021-05-06,7.3705,"2_after watering","no",4.64498,2,"ambient","drought","yes",NA,NA,NA,"no",NA,NA
24,2021-05-07,7.2885,"1_before watering","no",4.64498,2,"ambient","drought","yes",81.9999999999999,1,81.9999999999999,"no",49.6666666666667,NA
24,2021-05-10,7.14,"1_before watering","no",4.64498,2,"ambient","drought","yes",148.5,3,49.5000000000001,"no",49.6666666666667,NA
24,2021-05-10,7.3935,"2_after watering","no",4.64498,2,"ambient","drought","yes",NA,NA,NA,"no",NA,NA
24,2021-05-12,7.243,"1_before watering","no",4.64498,2,"ambient","drought","yes",150.5,2,75.25,"no",49.6666666666667,NA
24,2021-05-12,7.475,"2_after watering","no",4.64498,2,"ambient","drought","yes",NA,NA,NA,"no",NA,NA
24,2021-05-17,7.075,"1_before watering","no",4.64498,2,"ambient","drought","yes",399.999999999999,5,79.9999999999999,"no",49.6666666666667,NA
24,2021-05-20,6.763,"1_before watering","no",4.64498,2,"ambient","drought","yes",312,3,104,"no",49.6666666666667,NA
24,2021-05-24,6.449,"1_before watering","no",4.64498,2,"ambient","drought","yes",314,4,78.5,"no",49.6666666666667,NA
24,2021-05-31,6.0405,"1_before watering","no",4.64498,2,"ambient","drought","yes",408.5,7,58.3571428571429,"no",49.6666666666667,NA
24,2021-06-03,5.9415,"1_before watering","no",4.64498,2,"ambient","drought","yes",99.0000000000002,3,33.0000000000001,"no",49.6666666666667,NA
24,2021-06-08,5.847,"1_before watering","no",4.64498,2,"ambient","drought","yes",94.4999999999991,5,18.8999999999998,"no",49.6666666666667,NA
25,2021-04-30,6.7525,"2_after watering","no",4.26597,1,"elevated","drought","yes",NA,NA,NA,"no",NA,NA
25,2021-05-04,6.3835,"1_before watering","no",4.26597,1,"elevated","drought","yes",369.000000000001,4,92.2500000000002,"no",NA,NA
25,2021-05-04,6.729,"2_after watering","no",4.26597,1,"elevated","drought","yes",NA,NA,NA,"no",NA,NA
25,2021-05-07,6.425,"1_before watering","no",4.26597,1,"elevated","drought","yes",304,3,101.333333333333,"no",NA,NA
25,2021-05-07,6.791,"2_after watering","no",4.26597,1,"elevated","drought","yes",NA,NA,NA,"no",NA,NA
25,2021-05-10,6.5275,"1_before watering","no",4.26597,1,"elevated","drought","yes",263.500000000001,3,87.8333333333335,"no",NA,NA
25,2021-05-10,6.885,"2_after watering","no",4.26597,1,"elevated","drought","yes",NA,NA,NA,"no",NA,NA
25,2021-05-13,6.4515,"1_before watering","no",4.26597,1,"elevated","drought","yes",433.5,3,144.5,"no",NA,NA
25,2021-05-13,6.881,"2_after watering","no",4.26597,1,"elevated","drought","yes",NA,NA,NA,"no",NA,NA
25,2021-05-17,6.32,"1_before watering","no",4.26597,1,"elevated","drought","yes",561,4,140.25,"no",NA,NA
25,2021-05-20,5.881,"1_before watering","no",4.26597,1,"elevated","drought","yes",439,3,146.333333333333,"no",NA,NA
25,2021-05-24,5.656,"1_before watering","no",4.26597,1,"elevated","drought","yes",225.000000000001,4,56.2500000000001,"no",NA,NA
25,2021-05-27,5.5345,"1_before watering","no",4.26597,1,"elevated","drought","yes",121.499999999999,3,40.4999999999998,"no",NA,NA
25,2021-05-31,5.444,"1_before watering","no",4.26597,1,"elevated","drought","yes",90.5000000000005,4,22.6250000000001,"no",NA,NA
25,2021-06-03,5.389,"1_before watering","no",4.26597,1,"elevated","drought","yes",54.9999999999997,3,18.3333333333332,"no",NA,NA
28,2021-04-29,6.2355,"2_after watering","no",3.97424,2,"ambient","drought","yes",NA,NA,NA,"no",NA,NA
28,2021-05-03,5.89333333333333,"1_before watering","no",3.97424,2,"ambient","drought","yes",370.666666666667,4,NA,"yes",92.6666666666668,NA
28,2021-05-03,6.264,"2_after watering","no",3.97424,2,"ambient","drought","yes",NA,NA,NA,"no",NA,NA
28,2021-05-06,5.986,"1_before watering","no",3.97424,2,"ambient","drought","yes",278,3,92.6666666666668,"no",92.6666666666668,NA
28,2021-05-06,6.339,"2_after watering","no",3.97424,2,"ambient","drought","yes",NA,NA,NA,"no",NA,NA
28,2021-05-07,6.2715,"1_before watering","no",3.97424,2,"ambient","drought","yes",67.5000000000008,1,67.5000000000008,"no",92.6666666666668,NA
28,2021-05-10,5.92,"1_before watering","no",3.97424,2,"ambient","drought","yes",351.5,3,117.166666666667,"no",92.6666666666668,NA
28,2021-05-10,6.3105,"2_after watering","no",3.97424,2,"ambient","drought","yes",NA,NA,NA,"no",NA,NA
28,2021-05-12,6.004,"1_before watering","no",3.97424,2,"ambient","drought","yes",306.500000000001,2,153.25,"no",92.6666666666668,NA
28,2021-05-12,6.3725,"2_after watering","no",3.97424,2,"ambient","drought","yes",NA,NA,NA,"no",NA,NA
28,2021-05-17,5.751,"1_before watering","no",3.97424,2,"ambient","drought","yes",621.499999999999,5,124.3,"no",92.6666666666668,NA
28,2021-05-20,5.442,"1_before watering","no",3.97424,2,"ambient","drought","yes",309,3,103,"no",92.6666666666668,NA
28,2021-05-24,5.2475,"1_before watering","no",3.97424,2,"ambient","drought","yes",194.500000000001,4,48.6250000000001,"no",92.6666666666668,NA
28,2021-05-27,5.136,"1_before watering","no",3.97424,2,"ambient","drought","yes",111.499999999999,3,37.1666666666665,"no",92.6666666666668,NA
28,2021-05-31,5.04,"1_before watering","no",3.97424,2,"ambient","drought","yes",96.0000000000001,4,24,"no",92.6666666666668,NA
28,2021-06-02,5.0025,"1_before watering","no",3.97424,2,"ambient","drought","yes",37.4999999999996,2,18.7499999999998,"no",92.6666666666668,NA
31,2021-04-29,6.725,"2_after watering","no",4.46794,2,"ambient","control","yes",NA,NA,NA,"no",NA,NA
31,2021-05-03,6.183,"1_before watering","no",4.46794,2,"ambient","control","yes",464,4,NA,"yes",116,116.833333333333
31,2021-05-03,6.647,"2_after watering","no",4.46794,2,"ambient","control","yes",NA,NA,NA,"no",NA,NA
31,2021-05-06,6.299,"1_before watering","no",4.46794,2,"ambient","control","yes",348,3,116,"no",116,116.833333333333
31,2021-05-06,6.678,"2_after watering","no",4.46794,2,"ambient","control","yes",NA,NA,NA,"no",NA,NA
31,2021-05-10,6.317,"1_before watering","no",4.46794,2,"ambient","control","yes",361,4,90.2499999999999,"no",116,116.833333333333
31,2021-05-10,6.691,"2_after watering","no",4.46794,2,"ambient","control","yes",NA,NA,NA,"no",NA,NA
31,2021-05-13,6.2295,"1_before watering","no",4.46794,2,"ambient","control","yes",461.5,3,153.833333333333,"no",116,116.833333333333
31,2021-05-13,6.587,"2_after watering","no",4.46794,2,"ambient","control","yes",NA,NA,NA,"no",NA,NA
31,2021-05-17,6.057,"1_before watering","no",4.46794,2,"ambient","control","yes",529.999999999999,4,132.5,"no",116,116.833333333333
31,2021-05-17,6.4375,"2_after watering","no",4.46794,2,"ambient","control","yes",NA,NA,NA,"no",NA,NA
31,2021-05-20,6.055,"1_before watering","no",4.46794,2,"ambient","control","yes",382.5,3,127.5,"no",116,116.833333333333
31,2021-05-20,6.4415,"2_after watering","no",4.46794,2,"ambient","control","yes",NA,NA,NA,"no",NA,NA
31,2021-05-24,5.852,"1_before watering","no",4.46794,2,"ambient","control","yes",589.499999999999,4,147.375,"no",116,116.833333333333
31,2021-05-24,6.212,"2_after watering","no",4.46794,2,"ambient","control","yes",NA,NA,NA,"no",NA,NA
31,2021-05-27,5.831,"1_before watering","no",4.46794,2,"ambient","control","yes",380.999999999999,3,127,"no",116,116.833333333333
31,2021-05-27,6.202,"2_after watering","no",4.46794,2,"ambient","control","yes",NA,NA,NA,"no",NA,NA
31,2021-05-31,5.7295,"1_before watering","no",4.46794,2,"ambient","control","yes",472.5,4,118.125,"no",116,116.833333333333
31,2021-05-31,6.1055,"2_after watering","no",4.46794,2,"ambient","control","yes",NA,NA,NA,"no",NA,NA
31,2021-06-03,5.755,"1_before watering","no",4.46794,2,"ambient","control","yes",350.5,3,116.833333333333,"no",116,116.833333333333
31,2021-06-03,6.15,"2_after watering","no",4.46794,2,"ambient","control","yes",NA,NA,NA,"no",NA,NA
31,2021-06-06,NA,"1_before watering","no",4.46794,2,"ambient","control","yes",350.5,3,NA,"yes",116,116.833333333333
31,2021-06-06,6.167375,"2_after watering","yes",4.46794,2,"ambient","control","yes",NA,NA,NA,"no",NA,NA
31,2021-06-07,6.1105,"1_before watering","no",4.46794,2,"ambient","control","yes",56.8749999999998,1,NA,"no",116,116.833333333333
33,2021-04-29,6.2685,"2_after watering","no",3.8724,2,"ambient","drought","yes",NA,NA,NA,"no",NA,NA
33,2021-05-03,5.92733333333333,"1_before watering","no",3.8724,2,"ambient","drought","yes",336.666666666667,4,NA,"yes",84.1666666666668,NA
33,2021-05-03,6.264,"2_after watering","no",3.8724,2,"ambient","drought","yes",NA,NA,NA,"no",NA,NA
33,2021-05-06,6.0115,"1_before watering","no",3.8724,2,"ambient","drought","yes",252.5,3,84.1666666666668,"no",84.1666666666668,NA
33,2021-05-06,6.3345,"2_after watering","no",3.8724,2,"ambient","drought","yes",NA,NA,NA,"no",NA,NA
33,2021-05-07,6.277,"1_before watering","no",3.8724,2,"ambient","drought","yes",57.5000000000001,1,57.5000000000001,"no",84.1666666666668,NA
33,2021-05-10,5.832,"1_before watering","no",3.8724,2,"ambient","drought","yes",445,3,148.333333333333,"no",84.1666666666668,NA
33,2021-05-10,6.22,"2_after watering","no",3.8724,2,"ambient","drought","yes",NA,NA,NA,"no",NA,NA
33,2021-05-12,5.8785,"1_before watering","no",3.8724,2,"ambient","drought","yes",341.5,2,170.75,"no",84.1666666666668,NA
33,2021-05-12,6.3015,"2_after watering","no",3.8724,2,"ambient","drought","yes",NA,NA,NA,"no",NA,NA
33,2021-05-17,5.6115,"1_before watering","no",3.8724,2,"ambient","drought","yes",690,5,138,"no",84.1666666666668,NA
33,2021-05-20,5.247,"1_before watering","no",3.8724,2,"ambient","drought","yes",364.500000000001,3,121.5,"no",84.1666666666668,NA
33,2021-05-24,4.9949,"1_before watering","no",3.8724,2,"ambient","drought","yes",252.1,4,63.0249999999999,"no",84.1666666666668,NA
33,2021-05-27,4.893,"1_before watering","no",3.8724,2,"ambient","drought","yes",101.900000000001,3,33.9666666666668,"no",84.1666666666668,NA
35,2021-04-30,6.618,"2_after watering","no",4.03387,1,"elevated","drought","yes",NA,NA,NA,"no",NA,NA
35,2021-05-04,6.413,"1_before watering","no",4.03387,1,"elevated","drought","yes",205,4,51.25,"no",NA,NA
35,2021-05-04,6.618,"2_after watering","no",4.03387,1,"elevated","drought","yes",NA,NA,NA,"no",NA,NA
35,2021-05-07,6.492,"1_before watering","no",4.03387,1,"elevated","drought","yes",126,3,42.0000000000001,"no",NA,NA
35,2021-05-07,6.664,"2_after watering","no",4.03387,1,"elevated","drought","yes",NA,NA,NA,"no",NA,NA
35,2021-05-10,6.5025,"1_before watering","no",4.03387,1,"elevated","drought","yes",161.499999999999,3,53.8333333333331,"no",NA,NA
35,2021-05-10,6.7015,"2_after watering","no",4.03387,1,"elevated","drought","yes",NA,NA,NA,"no",NA,NA
35,2021-05-13,6.4855,"1_before watering","no",4.03387,1,"elevated","drought","yes",216,3,72.0000000000001,"no",NA,NA
35,2021-05-13,6.6945,"2_after watering","no",4.03387,1,"elevated","drought","yes",NA,NA,NA,"no",NA,NA
35,2021-05-17,6.5375,"1_before watering","no",4.03387,1,"elevated","drought","yes",157,4,39.25,"no",NA,NA
35,2021-05-20,6.257,"1_before watering","no",4.03387,1,"elevated","drought","yes",280.5,3,93.5,"no",NA,NA
35,2021-05-24,5.934,"1_before watering","no",4.03387,1,"elevated","drought","yes",322.999999999999,4,80.7499999999999,"no",NA,NA
35,2021-05-27,5.656,"1_before watering","no",4.03387,1,"elevated","drought","yes",278,3,92.6666666666668,"no",NA,NA
41,2021-04-29,6.5085,"2_after watering","no",4.02709,2,"ambient","drought","yes",NA,NA,NA,"no",NA,NA
41,2021-05-03,6.37183333333333,"1_before watering","no",4.02709,2,"ambient","drought","yes",128.666666666666,4,NA,"yes",32.1666666666666,NA
41,2021-05-03,6.5005,"2_after watering","no",4.02709,2,"ambient","drought","yes",NA,NA,NA,"no",NA,NA
41,2021-05-06,6.404,"1_before watering","no",4.02709,2,"ambient","drought","yes",96.4999999999998,3,32.1666666666666,"no",32.1666666666666,NA
41,2021-05-06,6.561,"2_after watering","no",4.02709,2,"ambient","drought","yes",NA,NA,NA,"no",NA,NA
41,2021-05-07,6.511,"1_before watering","no",4.02709,2,"ambient","drought","yes",49.9999999999998,1,49.9999999999998,"no",32.1666666666666,NA
41,2021-05-10,6.389,"1_before watering","no",4.02709,2,"ambient","drought","yes",122,3,40.6666666666666,"no",32.1666666666666,NA
41,2021-05-10,6.5875,"2_after watering","no",4.02709,2,"ambient","drought","yes",NA,NA,NA,"no",NA,NA
41,2021-05-12,6.4905,"1_before watering","no",4.02709,2,"ambient","drought","yes",97.0000000000004,2,48.5000000000002,"no",32.1666666666666,NA
41,2021-05-12,6.675,"2_after watering","no",4.02709,2,"ambient","drought","yes",NA,NA,NA,"no",NA,NA
41,2021-05-17,6.3415,"1_before watering","no",4.02709,2,"ambient","drought","yes",333.5,5,66.7,"no",32.1666666666666,NA
41,2021-05-20,6.092,"1_before watering","no",4.02709,2,"ambient","drought","yes",249.5,3,83.1666666666668,"no",32.1666666666666,NA
41,2021-05-24,5.774,"1_before watering","no",4.02709,2,"ambient","drought","yes",318,4,79.4999999999999,"no",32.1666666666666,NA
41,2021-05-27,5.587,"1_before watering","no",4.02709,2,"ambient","drought","yes",187,3,62.3333333333334,"no",32.1666666666666,NA
42,2021-04-29,6.6465,"2_after watering","no",4.0928,2,"ambient","control","yes",NA,NA,NA,"no",NA,NA
42,2021-05-03,6.31433333333333,"1_before watering","no",4.0928,2,"ambient","control","yes",310.666666666666,4,NA,"yes",77.6666666666666,NA
42,2021-05-03,6.625,"2_after watering","no",4.0928,2,"ambient","control","yes",NA,NA,NA,"no",NA,NA
42,2021-05-06,6.392,"1_before watering","no",4.0928,2,"ambient","control","yes",233,3,77.6666666666666,"no",77.6666666666666,NA
42,2021-05-06,6.6785,"2_after watering","no",4.0928,2,"ambient","control","yes",NA,NA,NA,"no",NA,NA
42,2021-05-07,6.62,"1_before watering","no",4.0928,2,"ambient","control","yes",58.4999999999996,1,58.4999999999996,"no",77.6666666666666,NA
42,2021-05-10,6.312,"1_before watering","no",4.0928,2,"ambient","control","yes",308,3,102.666666666667,"no",77.6666666666666,NA
42,2021-05-10,6.6685,"2_after watering","no",4.0928,2,"ambient","control","yes",NA,NA,NA,"no",NA,NA
42,2021-05-13,6.316,"1_before watering","no",4.0928,2,"ambient","control","yes",352.5,3,117.5,"no",77.6666666666666,NA
42,2021-05-13,6.6435,"2_after watering","no",4.0928,2,"ambient","control","yes",NA,NA,NA,"no",NA,NA
42,2021-05-17,6.1615,"1_before watering","no",4.0928,2,"ambient","control","yes",482,4,120.5,"no",77.6666666666666,NA
42,2021-05-17,6.545,"2_after watering","no",4.0928,2,"ambient","control","yes",NA,NA,NA,"no",NA,NA
42,2021-05-20,6.188,"1_before watering","no",4.0928,2,"ambient","control","yes",357,3,119,"no",77.6666666666666,NA
42,2021-05-20,6.575,"2_after watering","no",4.0928,2,"ambient","control","yes",NA,NA,NA,"no",NA,NA
42,2021-05-24,6.099,"1_before watering","no",4.0928,2,"ambient","control","yes",476,4,119,"no",77.6666666666666,NA
42,2021-05-24,6.473,"2_after watering","no",4.0928,2,"ambient","control","yes",NA,NA,NA,"no",NA,NA
42,2021-05-27,6.049,"1_before watering","no",4.0928,2,"ambient","control","yes",423.999999999999,3,141.333333333333,"no",77.6666666666666,NA
42,2021-05-27,6.4265,"2_after watering","no",4.0928,2,"ambient","control","yes",NA,NA,NA,"no",NA,NA
42,2021-05-31,5.924,"1_before watering","no",4.0928,2,"ambient","control","yes",502.499999999999,4,125.625,"no",77.6666666666666,NA
42,2021-05-31,6.3,"2_after watering","no",4.0928,2,"ambient","control","yes",NA,NA,NA,"no",NA,NA
42,2021-06-01,6.1915,"1_before watering","no",4.0928,2,"ambient","control","yes",108.5,1,108.5,"no",77.6666666666666,NA
46,2021-04-30,6.661,"2_after watering","no",4.03515,1,"elevated","drought","yes",NA,NA,NA,"no",NA,NA
46,2021-05-04,6.5345,"1_before watering","no",4.03515,1,"elevated","drought","yes",126.499999999999,4,31.6249999999998,"no",NA,NA
46,2021-05-04,6.6505,"2_after watering","no",4.03515,1,"elevated","drought","yes",NA,NA,NA,"no",NA,NA
46,2021-05-07,6.5745,"1_before watering","no",4.03515,1,"elevated","drought","yes",76.0000000000005,3,25.3333333333335,"no",NA,NA
46,2021-05-07,6.699,"2_after watering","no",4.03515,1,"elevated","drought","yes",NA,NA,NA,"no",NA,NA
46,2021-05-10,6.596,"1_before watering","no",4.03515,1,"elevated","drought","yes",103,3,34.3333333333333,"no",NA,NA
46,2021-05-10,6.736,"2_after watering","no",4.03515,1,"elevated","drought","yes",NA,NA,NA,"no",NA,NA
46,2021-05-13,6.587,"1_before watering","no",4.03515,1,"elevated","drought","yes",149,3,49.6666666666667,"no",NA,NA
46,2021-05-13,6.707,"2_after watering","no",4.03515,1,"elevated","drought","yes",NA,NA,NA,"no",NA,NA
46,2021-05-17,6.555,"1_before watering","no",4.03515,1,"elevated","drought","yes",152,4,38,"no",NA,NA
46,2021-05-20,6.3925,"1_before watering","no",4.03515,1,"elevated","drought","yes",162.5,3,54.1666666666666,"no",NA,NA
46,2021-05-24,6.179,"1_before watering","no",4.03515,1,"elevated","drought","yes",213.5,4,53.375,"no",NA,NA
46,2021-05-27,5.9785,"1_before watering","no",4.03515,1,"elevated","drought","yes",200.5,3,66.8333333333333,"no",NA,NA
46,2021-05-31,5.7815,"1_before watering","no",4.03515,1,"elevated","drought","yes",197,4,49.25,"no",NA,NA
46,2021-06-03,5.611,"1_before watering","no",4.03515,1,"elevated","drought","yes",170.500000000001,3,56.8333333333335,"no",NA,NA
46,2021-06-09,5.342,"1_before watering","no",4.03515,1,"elevated","drought","yes",269,6,44.8333333333333,"no",NA,NA
50,2021-04-30,6.806,"2_after watering","no",4.25281,1,"elevated","drought","yes",NA,NA,NA,"no",NA,NA
50,2021-05-04,6.5435,"1_before watering","no",4.25281,1,"elevated","drought","yes",262.5,4,65.625,"no",NA,NA
50,2021-05-04,6.8615,"2_after watering","no",4.25281,1,"elevated","drought","yes",NA,NA,NA,"no",NA,NA
50,2021-05-07,6.615,"1_before watering","no",4.25281,1,"elevated","drought","yes",246.5,3,82.1666666666667,"no",NA,NA
50,2021-05-07,6.909,"2_after watering","no",4.25281,1,"elevated","drought","yes",NA,NA,NA,"no",NA,NA
50,2021-05-10,6.5675,"1_before watering","no",4.25281,1,"elevated","drought","yes",341.5,3,113.833333333333,"no",NA,NA
50,2021-05-10,6.9305,"2_after watering","no",4.25281,1,"elevated","drought","yes",NA,NA,NA,"no",NA,NA
50,2021-05-13,6.599,"1_before watering","no",4.25281,1,"elevated","drought","yes",331.5,3,110.5,"no",NA,NA
50,2021-05-13,6.9165,"2_after watering","no",4.25281,1,"elevated","drought","yes",NA,NA,NA,"no",NA,NA
50,2021-05-17,6.5675,"1_before watering","no",4.25281,1,"elevated","drought","yes",349,4,87.2500000000001,"no",NA,NA
50,2021-05-20,6.183,"1_before watering","no",4.25281,1,"elevated","drought","yes",384.5,3,128.166666666667,"no",NA,NA
50,2021-05-24,5.7945,"1_before watering","no",4.25281,1,"elevated","drought","yes",388.5,4,97.1249999999999,"no",NA,NA
50,2021-05-27,5.552,"1_before watering","no",4.25281,1,"elevated","drought","yes",242.500000000001,3,80.8333333333335,"no",NA,NA
54,2021-04-30,6.37,"2_after watering","no",4.0049,1,"elevated","control","yes",NA,NA,NA,"no",NA,NA
54,2021-05-04,6.195,"1_before watering","no",4.0049,1,"elevated","control","yes",175,4,43.75,"no",NA,122.666666666667
54,2021-05-04,6.3285,"2_after watering","no",4.0049,1,"elevated","control","yes",NA,NA,NA,"no",NA,NA
54,2021-05-07,6.0225,"1_before watering","no",4.0049,1,"elevated","control","yes",306,3,102,"no",NA,122.666666666667
54,2021-05-07,6.388,"2_after watering","no",4.0049,1,"elevated","control","yes",NA,NA,NA,"no",NA,NA
54,2021-05-10,6.2295,"1_before watering","no",4.0049,1,"elevated","control","yes",158.5,3,52.8333333333334,"no",NA,122.666666666667
54,2021-05-10,6.6025,"2_after watering","no",4.0049,1,"elevated","control","yes",NA,NA,NA,"no",NA,NA
54,2021-05-13,6.143,"1_before watering","no",4.0049,1,"elevated","control","yes",459.5,3,153.166666666667,"no",NA,122.666666666667
54,2021-05-13,6.525,"2_after watering","no",4.0049,1,"elevated","control","yes",NA,NA,NA,"no",NA,NA
54,2021-05-17,6.031,"1_before watering","no",4.0049,1,"elevated","control","yes",494.000000000001,4,123.5,"no",NA,122.666666666667
54,2021-05-17,6.403,"2_after watering","no",4.0049,1,"elevated","control","yes",NA,NA,NA,"no",NA,NA
54,2021-05-20,5.93,"1_before watering","no",4.0049,1,"elevated","control","yes",473,3,157.666666666667,"no",NA,122.666666666667
54,2021-05-20,6.3125,"2_after watering","no",4.0049,1,"elevated","control","yes",NA,NA,NA,"no",NA,NA
54,2021-05-24,5.86,"1_before watering","no",4.0049,1,"elevated","control","yes",452.5,4,113.125,"no",NA,122.666666666667
54,2021-05-24,6.2105,"2_after watering","no",4.0049,1,"elevated","control","yes",NA,NA,NA,"no",NA,NA
54,2021-05-27,5.731,"1_before watering","no",4.0049,1,"elevated","control","yes",479.5,3,159.833333333333,"no",NA,122.666666666667
54,2021-05-27,6.117,"2_after watering","no",4.0049,1,"elevated","control","yes",NA,NA,NA,"no",NA,NA
54,2021-05-31,5.6395,"1_before watering","no",4.0049,1,"elevated","control","yes",477.5,4,119.375,"no",NA,122.666666666667
54,2021-05-31,6.011,"2_after watering","no",4.0049,1,"elevated","control","yes",NA,NA,NA,"no",NA,NA
54,2021-06-03,5.643,"1_before watering","no",4.0049,1,"elevated","control","yes",368,3,122.666666666667,"no",NA,122.666666666667
54,2021-06-03,6.013,"2_after watering","no",4.0049,1,"elevated","control","yes",NA,NA,NA,"no",NA,NA
54,2021-06-06,NA,"1_before watering","no",4.0049,1,"elevated","control","yes",368,3,NA,"yes",NA,122.666666666667
54,2021-06-06,6.077,"2_after watering","yes",4.0049,1,"elevated","control","yes",NA,NA,NA,"no",NA,NA
54,2021-06-09,5.66,"1_before watering","no",4.0049,1,"elevated","control","yes",417,3,139,"no",NA,122.666666666667
54,2021-06-09,6.0335,"2_after watering","no",4.0049,1,"elevated","control","yes",NA,NA,NA,"no",NA,NA
54,2021-06-10,5.9665,"1_before watering","no",4.0049,1,"elevated","control","yes",67.0000000000002,1,67.0000000000002,"no",NA,122.666666666667
61,2021-04-30,6.6935,"2_after watering","no",4.01986,1,"elevated","control","yes",NA,NA,NA,"no",NA,NA
61,2021-05-04,6.383,"1_before watering","no",4.01986,1,"elevated","control","yes",310.5,4,77.6250000000001,"no",NA,130.666666666666
61,2021-05-04,6.704,"2_after watering","no",4.01986,1,"elevated","control","yes",NA,NA,NA,"no",NA,NA
61,2021-05-07,6.459,"1_before watering","no",4.01986,1,"elevated","control","yes",245,3,81.6666666666667,"no",NA,130.666666666666
61,2021-05-07,6.767,"2_after watering","no",4.01986,1,"elevated","control","yes",NA,NA,NA,"no",NA,NA
61,2021-05-10,6.5135,"1_before watering","no",4.01986,1,"elevated","control","yes",253.500000000001,3,84.5000000000002,"no",NA,130.666666666666
61,2021-05-10,6.8145,"2_after watering","no",4.01986,1,"elevated","control","yes",NA,NA,NA,"no",NA,NA
61,2021-05-13,6.55,"1_before watering","no",4.01986,1,"elevated","control","yes",264.5,3,88.1666666666666,"no",NA,130.666666666666
61,2021-05-13,6.795,"2_after watering","no",4.01986,1,"elevated","control","yes",NA,NA,NA,"no",NA,NA
61,2021-05-17,6.5565,"1_before watering","no",4.01986,1,"elevated","control","yes",238.5,4,59.625,"no",NA,130.666666666666
61,2021-05-17,6.833,"2_after watering","no",4.01986,1,"elevated","control","yes",NA,NA,NA,"no",NA,NA
61,2021-05-20,6.5795,"1_before watering","no",4.01986,1,"elevated","control","yes",253.5,3,84.4999999999999,"no",NA,130.666666666666
61,2021-05-20,6.79354545454545,"2_after watering","yes",4.01986,1,"elevated","control","yes",NA,NA,NA,"no",NA,NA
61,2021-05-24,6.543,"1_before watering","no",4.01986,1,"elevated","control","yes",250.545454545454,4,62.6363636363636,"no",NA,130.666666666666
61,2021-05-24,6.8325,"2_after watering","no",4.01986,1,"elevated","control","yes",NA,NA,NA,"no",NA,NA
61,2021-05-27,6.5165,"1_before watering","no",4.01986,1,"elevated","control","yes",316,3,105.333333333333,"no",NA,130.666666666666
61,2021-05-27,6.868,"2_after watering","no",4.01986,1,"elevated","control","yes",NA,NA,NA,"no",NA,NA
61,2021-05-31,6.4895,"1_before watering","no",4.01986,1,"elevated","control","yes",378.500000000001,4,94.6250000000002,"no",NA,130.666666666666
61,2021-05-31,6.8355,"2_after watering","no",4.01986,1,"elevated","control","yes",NA,NA,NA,"no",NA,NA
61,2021-06-03,6.4435,"1_before watering","no",4.01986,1,"elevated","control","yes",391.999999999999,3,130.666666666666,"no",NA,130.666666666666
61,2021-06-03,6.826,"2_after watering","no",4.01986,1,"elevated","control","yes",NA,NA,NA,"no",NA,NA
61,2021-06-06,NA,"1_before watering","no",4.01986,1,"elevated","control","yes",391.999999999999,3,NA,"yes",NA,130.666666666666
61,2021-06-06,6.79354545454545,"2_after watering","yes",4.01986,1,"elevated","control","yes",NA,NA,NA,"no",NA,NA
61,2021-06-09,6.375,"1_before watering","no",4.01986,1,"elevated","control","yes",418.545454545455,3,139.515151515152,"no",NA,130.666666666666
61,2021-06-09,6.76,"2_after watering","no",4.01986,1,"elevated","control","yes",NA,NA,NA,"no",NA,NA
61,2021-06-10,6.6605,"1_before watering","no",4.01986,1,"elevated","control","yes",99.4999999999999,1,99.4999999999999,"no",NA,130.666666666666
64,2021-04-29,6.463375,"2_after watering","yes",4.54853,2,"ambient","control","yes",NA,NA,NA,"no",NA,NA
64,2021-05-03,6.4735,"1_before watering","no",4.54853,2,"ambient","control","yes",332.000000000001,4,NA,"yes",83.0000000000002,161
64,2021-05-03,6.8055,"2_after watering","no",4.54853,2,"ambient","control","yes",NA,NA,NA,"no",NA,NA
64,2021-05-06,6.5565,"1_before watering","no",4.54853,2,"ambient","control","yes",249.000000000001,3,83.0000000000002,"no",83.0000000000002,161
64,2021-05-06,6.8765,"2_after watering","no",4.54853,2,"ambient","control","yes",NA,NA,NA,"no",NA,NA
64,2021-05-07,6.8135,"1_before watering","no",4.54853,2,"ambient","control","yes",62.9999999999997,1,62.9999999999997,"no",83.0000000000002,161
64,2021-05-10,6.47,"1_before watering","no",4.54853,2,"ambient","control","yes",343.500000000001,3,114.5,"no",83.0000000000002,161
64,2021-05-10,6.8335,"2_after watering","no",4.54853,2,"ambient","control","yes",NA,NA,NA,"no",NA,NA
64,2021-05-13,6.4915,"1_before watering","no",4.54853,2,"ambient","control","yes",342,3,114,"no",83.0000000000002,161
64,2021-05-13,6.8345,"2_after watering","no",4.54853,2,"ambient","control","yes",NA,NA,NA,"no",NA,NA
64,2021-05-17,6.41,"1_before watering","no",4.54853,2,"ambient","control","yes",424.5,4,106.125,"no",83.0000000000002,161
64,2021-05-17,6.767,"2_after watering","no",4.54853,2,"ambient","control","yes",NA,NA,NA,"no",NA,NA
64,2021-05-20,6.3005,"1_before watering","no",4.54853,2,"ambient","control","yes",466.5,3,155.5,"no",83.0000000000002,161
64,2021-05-20,6.68,"2_after watering","no",4.54853,2,"ambient","control","yes",NA,NA,NA,"no",NA,NA
64,2021-05-24,6.24,"1_before watering","no",4.54853,2,"ambient","control","yes",439.999999999999,4,110,"no",83.0000000000002,161
64,2021-05-24,6.6025,"2_after watering","no",4.54853,2,"ambient","control","yes",NA,NA,NA,"no",NA,NA
64,2021-05-27,6.1565,"1_before watering","no",4.54853,2,"ambient","control","yes",446,3,148.666666666667,"no",83.0000000000002,161
64,2021-05-27,6.5445,"2_after watering","no",4.54853,2,"ambient","control","yes",NA,NA,NA,"no",NA,NA
64,2021-05-31,6.043,"1_before watering","no",4.54853,2,"ambient","control","yes",501.5,4,125.375,"no",83.0000000000002,161
64,2021-05-31,6.4085,"2_after watering","no",4.54853,2,"ambient","control","yes",NA,NA,NA,"no",NA,NA
64,2021-06-03,5.9255,"1_before watering","no",4.54853,2,"ambient","control","yes",483,3,161,"no",83.0000000000002,161
64,2021-06-03,6.298,"2_after watering","no",4.54853,2,"ambient","control","yes",NA,NA,NA,"no",NA,NA
64,2021-06-06,NA,"1_before watering","no",4.54853,2,"ambient","control","yes",483,3,NA,"yes",83.0000000000002,161
64,2021-06-06,6.463375,"2_after watering","yes",4.54853,2,"ambient","control","yes",NA,NA,NA,"no",NA,NA
64,2021-06-07,6.2525,"1_before watering","no",4.54853,2,"ambient","control","yes",210.875,1,NA,"no",83.0000000000002,161
68,2021-04-30,6.7095,"2_after watering","no",3.94431,1,"elevated","control","yes",NA,NA,NA,"no",NA,NA
68,2021-05-04,6.4595,"1_before watering","no",3.94431,1,"elevated","control","yes",250,4,62.5,"no",NA,NA
68,2021-05-04,6.808,"2_after watering","no",3.94431,1,"elevated","control","yes",NA,NA,NA,"no",NA,NA
68,2021-05-07,6.628,"1_before watering","no",3.94431,1,"elevated","control","yes",180,3,59.9999999999999,"no",NA,NA
68,2021-05-07,6.803,"2_after watering","no",3.94431,1,"elevated","control","yes",NA,NA,NA,"no",NA,NA
68,2021-05-10,6.6505,"1_before watering","no",3.94431,1,"elevated","control","yes",152.5,3,50.8333333333333,"no",NA,NA
68,2021-05-10,6.89,"2_after watering","no",3.94431,1,"elevated","control","yes",NA,NA,NA,"no",NA,NA
68,2021-05-13,6.6215,"1_before watering","no",3.94431,1,"elevated","control","yes",268.5,3,89.4999999999998,"no",NA,NA
68,2021-05-13,6.808,"2_after watering","no",3.94431,1,"elevated","control","yes",NA,NA,NA,"no",NA,NA
68,2021-05-17,6.6185,"1_before watering","no",3.94431,1,"elevated","control","yes",189.5,4,47.3749999999999,"no",NA,NA
68,2021-05-17,6.8285,"2_after watering","no",3.94431,1,"elevated","control","yes",NA,NA,NA,"no",NA,NA
68,2021-05-20,6.575,"1_before watering","no",3.94431,1,"elevated","control","yes",253.5,3,84.4999999999999,"no",NA,NA
68,2021-05-20,6.81322222222222,"2_after watering","yes",3.94431,1,"elevated","control","yes",NA,NA,NA,"no",NA,NA
68,2021-05-24,6.6055,"1_before watering","no",3.94431,1,"elevated","control","yes",207.722222222222,4,51.9305555555556,"no",NA,NA
68,2021-05-24,6.838,"2_after watering","no",3.94431,1,"elevated","control","yes",NA,NA,NA,"no",NA,NA
68,2021-05-27,6.481,"1_before watering","no",3.94431,1,"elevated","control","yes",357,3,119,"no",NA,NA
68,2021-05-27,6.8575,"2_after watering","no",3.94431,1,"elevated","control","yes",NA,NA,NA,"no",NA,NA
68,2021-05-31,6.394,"1_before watering","no",3.94431,1,"elevated","control","yes",463.5,4,115.875,"no",NA,NA
68,2021-05-31,6.7765,"2_after watering","no",3.94431,1,"elevated","control","yes",NA,NA,NA,"no",NA,NA
68,2021-06-01,6.678,"1_before watering","no",3.94431,1,"elevated","control","yes",98.5000000000005,1,98.5000000000005,"no",NA,NA
69,2021-04-30,7.1865,"2_after watering","no",5.00776,1,"elevated","drought","yes",NA,NA,NA,"no",NA,NA
69,2021-05-04,6.816,"1_before watering","no",5.00776,1,"elevated","drought","yes",370.5,4,92.625,"no",NA,NA
69,2021-05-04,7.149,"2_after watering","no",5.00776,1,"elevated","drought","yes",NA,NA,NA,"no",NA,NA
69,2021-05-07,6.8945,"1_before watering","no",5.00776,1,"elevated","drought","yes",254.5,3,84.8333333333334,"no",NA,NA
69,2021-05-07,7.2715,"2_after watering","no",5.00776,1,"elevated","drought","yes",NA,NA,NA,"no",NA,NA
69,2021-05-10,7.161,"1_before watering","no",5.00776,1,"elevated","drought","yes",110.5,3,36.8333333333333,"no",NA,NA
69,2021-05-10,7.466,"2_after watering","no",5.00776,1,"elevated","drought","yes",NA,NA,NA,"no",NA,NA
69,2021-05-13,7.182,"1_before watering","no",5.00776,1,"elevated","drought","yes",284,3,94.6666666666666,"no",NA,NA
69,2021-05-13,7.479,"2_after watering","no",5.00776,1,"elevated","drought","yes",NA,NA,NA,"no",NA,NA
69,2021-05-17,7.2565,"1_before watering","no",5.00776,1,"elevated","drought","yes",222.5,4,55.625,"no",NA,NA
69,2021-05-20,6.947,"1_before watering","no",5.00776,1,"elevated","drought","yes",309.5,3,103.166666666667,"no",NA,NA
69,2021-05-24,6.63,"1_before watering","no",5.00776,1,"elevated","drought","yes",317,4,79.25,"no",NA,NA
69,2021-05-27,6.3515,"1_before watering","no",5.00776,1,"elevated","drought","yes",278.5,3,92.8333333333334,"no",NA,NA
75,2021-04-29,6.9595,"2_after watering","no",4.8034,2,"ambient","drought","yes",NA,NA,NA,"no",NA,NA
75,2021-05-03,6.562,"1_before watering","no",4.8034,2,"ambient","drought","yes",438,4,NA,"yes",109.5,NA
75,2021-05-03,7,"2_after watering","no",4.8034,2,"ambient","drought","yes",NA,NA,NA,"no",NA,NA
75,2021-05-06,6.6715,"1_before watering","no",4.8034,2,"ambient","drought","yes",328.5,3,109.5,"no",109.5,NA
75,2021-05-06,7.026,"2_after watering","no",4.8034,2,"ambient","drought","yes",NA,NA,NA,"no",NA,NA
75,2021-05-07,6.946,"1_before watering","no",4.8034,2,"ambient","drought","yes",80.0000000000001,1,80.0000000000001,"no",109.5,NA
75,2021-05-10,6.5975,"1_before watering","no",4.8034,2,"ambient","drought","yes",348.5,3,116.166666666667,"no",109.5,NA
75,2021-05-10,6.986,"2_after watering","no",4.8034,2,"ambient","drought","yes",NA,NA,NA,"no",NA,NA
75,2021-05-12,6.7295,"1_before watering","no",4.8034,2,"ambient","drought","yes",256.5,2,128.25,"no",109.5,NA
75,2021-05-12,7.094,"2_after watering","no",4.8034,2,"ambient","drought","yes",NA,NA,NA,"no",NA,NA
75,2021-05-17,6.5605,"1_before watering","no",4.8034,2,"ambient","drought","yes",533.5,5,106.7,"no",109.5,NA
75,2021-05-20,6.272,"1_before watering","no",4.8034,2,"ambient","drought","yes",288.5,3,96.1666666666667,"no",109.5,NA
75,2021-05-24,6.0045,"1_before watering","no",4.8034,2,"ambient","drought","yes",267.5,4,66.875,"no",109.5,NA
75,2021-05-27,5.8955,"1_before watering","no",4.8034,2,"ambient","drought","yes",109,3,36.3333333333333,"no",109.5,NA
77,2021-04-29,7.727,"2_after watering","no",5.04364,2,"ambient","drought","yes",NA,NA,NA,"no",NA,NA
77,2021-05-03,7.44433333333333,"1_before watering","no",5.04364,2,"ambient","drought","yes",262.666666666667,4,NA,"yes",65.6666666666667,NA
77,2021-05-03,7.707,"2_after watering","no",5.04364,2,"ambient","drought","yes",NA,NA,NA,"no",NA,NA
77,2021-05-06,7.51,"1_before watering","no",5.04364,2,"ambient","drought","yes",197,3,65.6666666666667,"no",65.6666666666667,NA
77,2021-05-06,7.782,"2_after watering","no",5.04364,2,"ambient","drought","yes",NA,NA,NA,"no",NA,NA
77,2021-05-07,7.697,"1_before watering","no",5.04364,2,"ambient","drought","yes",85,1,85,"no",65.6666666666667,NA
77,2021-05-10,7.505,"1_before watering","no",5.04364,2,"ambient","drought","yes",192,3,64.0000000000001,"no",65.6666666666667,NA
77,2021-05-10,7.8075,"2_after watering","no",5.04364,2,"ambient","drought","yes",NA,NA,NA,"no",NA,NA
77,2021-05-12,7.602,"1_before watering","no",5.04364,2,"ambient","drought","yes",205.5,2,102.75,"no",65.6666666666667,NA
77,2021-05-12,7.8805,"2_after watering","no",5.04364,2,"ambient","drought","yes",NA,NA,NA,"no",NA,NA
77,2021-05-17,7.479,"1_before watering","no",5.04364,2,"ambient","drought","yes",401.5,5,80.2999999999999,"no",65.6666666666667,NA
77,2021-05-20,7.2105,"1_before watering","no",5.04364,2,"ambient","drought","yes",268.5,3,89.5000000000001,"no",65.6666666666667,NA
77,2021-05-24,6.886,"1_before watering","no",5.04364,2,"ambient","drought","yes",324.5,4,81.1249999999999,"no",65.6666666666667,NA
77,2021-05-27,6.65,"1_before watering","no",5.04364,2,"ambient","drought","yes",236,3,78.6666666666666,"no",65.6666666666667,NA
77,2021-05-31,6.4375,"1_before watering","no",5.04364,2,"ambient","drought","yes",212.5,4,53.1250000000001,"no",65.6666666666667,NA
77,2021-06-02,6.3325,"1_before watering","no",5.04364,2,"ambient","drought","yes",105,2,52.5000000000002,"no",65.6666666666667,NA
80,2021-04-29,7.1895,"2_after watering","no",4.68694,2,"ambient","control","yes",NA,NA,NA,"no",NA,NA
80,2021-05-03,7.09283333333333,"1_before watering","no",4.68694,2,"ambient","control","yes",102.666666666667,4,NA,"yes",25.6666666666667,99.1666666666668
80,2021-05-03,7.1955,"2_after watering","no",4.68694,2,"ambient","control","yes",NA,NA,NA,"no",NA,NA
80,2021-05-06,7.1185,"1_before watering","no",4.68694,2,"ambient","control","yes",77,3,25.6666666666667,"no",25.6666666666667,99.1666666666668
80,2021-05-06,7.2545,"2_after watering","no",4.68694,2,"ambient","control","yes",NA,NA,NA,"no",NA,NA
80,2021-05-07,7.2015,"1_before watering","no",4.68694,2,"ambient","control","yes",52.9999999999999,1,52.9999999999999,"no",25.6666666666667,99.1666666666668
80,2021-05-10,7.084,"1_before watering","no",4.68694,2,"ambient","control","yes",117.500000000001,3,39.1666666666669,"no",25.6666666666667,99.1666666666668
80,2021-05-10,7.2775,"2_after watering","no",4.68694,2,"ambient","control","yes",NA,NA,NA,"no",NA,NA
80,2021-05-13,7.0685,"1_before watering","no",4.68694,2,"ambient","control","yes",209,3,69.6666666666665,"no",25.6666666666667,99.1666666666668
80,2021-05-13,7.24,"2_after watering","no",4.68694,2,"ambient","control","yes",NA,NA,NA,"no",NA,NA
80,2021-05-17,7.031,"1_before watering","no",4.68694,2,"ambient","control","yes",209.000000000001,4,52.2500000000001,"no",25.6666666666667,99.1666666666668
80,2021-05-17,7.2585,"2_after watering","no",4.68694,2,"ambient","control","yes",NA,NA,NA,"no",NA,NA
80,2021-05-20,7.017,"1_before watering","no",4.68694,2,"ambient","control","yes",241.499999999999,3,80.4999999999998,"no",25.6666666666667,99.1666666666668
80,2021-05-20,7.3145,"2_after watering","no",4.68694,2,"ambient","control","yes",NA,NA,NA,"no",NA,NA
80,2021-05-24,6.9535,"1_before watering","no",4.68694,2,"ambient","control","yes",361,4,90.2499999999999,"no",25.6666666666667,99.1666666666668
80,2021-05-24,7.236,"2_after watering","no",4.68694,2,"ambient","control","yes",NA,NA,NA,"no",NA,NA
80,2021-05-27,6.9515,"1_before watering","no",4.68694,2,"ambient","control","yes",284.5,3,94.8333333333332,"no",25.6666666666667,99.1666666666668
80,2021-05-27,7.2635,"2_after watering","no",4.68694,2,"ambient","control","yes",NA,NA,NA,"no",NA,NA
80,2021-05-31,6.913,"1_before watering","no",4.68694,2,"ambient","control","yes",350.499999999999,4,87.6249999999998,"no",25.6666666666667,99.1666666666668
80,2021-05-31,7.232,"2_after watering","no",4.68694,2,"ambient","control","yes",NA,NA,NA,"no",NA,NA
80,2021-06-03,6.9345,"1_before watering","no",4.68694,2,"ambient","control","yes",297.5,3,99.1666666666668,"no",25.6666666666667,99.1666666666668
80,2021-06-03,7.279,"2_after watering","no",4.68694,2,"ambient","control","yes",NA,NA,NA,"no",NA,NA
80,2021-06-06,NA,"1_before watering","no",4.68694,2,"ambient","control","yes",297.5,3,NA,"yes",25.6666666666667,99.1666666666668
80,2021-06-06,7.24913636363636,"2_after watering","yes",4.68694,2,"ambient","control","yes",NA,NA,NA,"no",NA,NA
80,2021-06-07,7.1995,"1_before watering","no",4.68694,2,"ambient","control","yes",49.6363636363641,1,NA,"no",25.6666666666667,99.1666666666668
89,2021-04-30,7.511,"2_after watering","no",4.73809,1,"elevated","control","yes",NA,NA,NA,"no",NA,NA
89,2021-05-04,7.327,"1_before watering","no",4.73809,1,"elevated","control","yes",184,4,46,"no",NA,90.6666666666667
89,2021-05-04,7.4995,"2_after watering","no",4.73809,1,"elevated","control","yes",NA,NA,NA,"no",NA,NA
89,2021-05-07,7.4125,"1_before watering","no",4.73809,1,"elevated","control","yes",87.0000000000006,3,29.0000000000002,"no",NA,90.6666666666667
89,2021-05-07,7.5455,"2_after watering","no",4.73809,1,"elevated","control","yes",NA,NA,NA,"no",NA,NA
89,2021-05-10,7.372,"1_before watering","no",4.73809,1,"elevated","control","yes",173.5,3,57.8333333333333,"no",NA,90.6666666666667
89,2021-05-10,7.5505,"2_after watering","no",4.73809,1,"elevated","control","yes",NA,NA,NA,"no",NA,NA
89,2021-05-13,7.377,"1_before watering","no",4.73809,1,"elevated","control","yes",173.500000000001,3,57.8333333333335,"no",NA,90.6666666666667
89,2021-05-13,7.553,"2_after watering","yes",4.73809,1,"elevated","control","yes",NA,NA,NA,"no",NA,NA
89,2021-05-17,7.391,"1_before watering","no",4.73809,1,"elevated","control","yes",162,4,40.5,"no",NA,90.6666666666667
89,2021-05-17,7.568,"2_after watering","no",4.73809,1,"elevated","control","yes",NA,NA,NA,"no",NA,NA
89,2021-05-20,7.3935,"1_before watering","no",4.73809,1,"elevated","control","yes",174.499999999999,3,58.1666666666664,"no",NA,90.6666666666667
89,2021-05-20,7.554,"2_after watering","no",4.73809,1,"elevated","control","yes",NA,NA,NA,"no",NA,NA
89,2021-05-24,7.147,"1_before watering","no",4.73809,1,"elevated","control","yes",407,4,101.75,"no",NA,90.6666666666667
89,2021-05-24,7.459,"2_after watering","no",4.73809,1,"elevated","control","yes",NA,NA,NA,"no",NA,NA
89,2021-05-27,7.22,"1_before watering","no",4.73809,1,"elevated","control","yes",239,3,79.6666666666666,"no",NA,90.6666666666667
89,2021-05-27,7.5325,"2_after watering","no",4.73809,1,"elevated","control","yes",NA,NA,NA,"no",NA,NA
89,2021-05-31,7.2295,"1_before watering","no",4.73809,1,"elevated","control","yes",303,4,75.75,"no",NA,90.6666666666667
89,2021-05-31,7.5175,"2_after watering","no",4.73809,1,"elevated","control","yes",NA,NA,NA,"no",NA,NA
89,2021-06-03,7.2455,"1_before watering","no",4.73809,1,"elevated","control","yes",272,3,90.6666666666667,"no",NA,90.6666666666667
89,2021-06-03,7.59,"2_after watering","no",4.73809,1,"elevated","control","yes",NA,NA,NA,"no",NA,NA
89,2021-06-06,NA,"1_before watering","no",4.73809,1,"elevated","control","yes",272,3,NA,"yes",NA,90.6666666666667
89,2021-06-06,7.553,"2_after watering","yes",4.73809,1,"elevated","control","yes",NA,NA,NA,"no",NA,NA
89,2021-06-09,7.391,"1_before watering","no",4.73809,1,"elevated","control","yes",162,3,54,"no",NA,90.6666666666667
89,2021-06-09,7.7555,"2_after watering","no",4.73809,1,"elevated","control","yes",NA,NA,NA,"no",NA,NA
89,2021-06-10,NA,"1_before watering","no",4.73809,1,"elevated","control","yes",NA,1,NA,"yes",NA,90.6666666666667
101,2021-04-30,7.1555,"2_after watering","no",4.58273,1,"elevated","drought","yes",NA,NA,NA,"no",NA,NA
101,2021-05-04,6.7845,"1_before watering","no",4.58273,1,"elevated","drought","yes",371,4,92.7499999999999,"no",NA,NA
101,2021-05-04,7.097,"2_after watering","no",4.58273,1,"elevated","drought","yes",NA,NA,NA,"no",NA,NA
101,2021-05-07,6.8135,"1_before watering","no",4.58273,1,"elevated","drought","yes",283.5,3,94.5,"no",NA,NA
101,2021-05-07,7.1505,"2_after watering","no",4.58273,1,"elevated","drought","yes",NA,NA,NA,"no",NA,NA
101,2021-05-10,6.8435,"1_before watering","no",4.58273,1,"elevated","drought","yes",307,3,102.333333333333,"no",NA,NA
101,2021-05-10,7.1935,"2_after watering","no",4.58273,1,"elevated","drought","yes",NA,NA,NA,"no",NA,NA
101,2021-05-13,6.843,"1_before watering","no",4.58273,1,"elevated","drought","yes",350.5,3,116.833333333333,"no",NA,NA
101,2021-05-13,7.1995,"2_after watering","no",4.58273,1,"elevated","drought","yes",NA,NA,NA,"no",NA,NA
101,2021-05-17,6.896,"1_before watering","no",4.58273,1,"elevated","drought","yes",303.5,4,75.8749999999999,"no",NA,NA
101,2021-05-20,6.6045,"1_before watering","no",4.58273,1,"elevated","drought","yes",291.5,3,97.1666666666667,"no",NA,NA
101,2021-05-24,6.2845,"1_before watering","no",4.58273,1,"elevated","drought","yes",319.999999999999,4,79.9999999999998,"no",NA,NA
101,2021-05-27,5.9215,"1_before watering","no",4.58273,1,"elevated","drought","yes",363,3,121,"no",NA,NA
101,2021-05-31,5.706,"1_before watering","no",4.58273,1,"elevated","drought","yes",215.5,4,53.8749999999999,"no",NA,NA
101,2021-06-03,5.61,"1_before watering","no",4.58273,1,"elevated","drought","yes",96.0000000000001,3,32,"no",NA,NA
104,2021-04-30,7.4115,"2_after watering","no",4.84869,1,"elevated","drought","yes",NA,NA,NA,"no",NA,NA
104,2021-05-04,7.097,"1_before watering","no",4.84869,1,"elevated","drought","yes",314.5,4,78.6249999999999,"no",NA,NA
104,2021-05-04,7.386,"2_after watering","no",4.84869,1,"elevated","drought","yes",NA,NA,NA,"no",NA,NA
104,2021-05-07,7.17,"1_before watering","no",4.84869,1,"elevated","drought","yes",216,3,72.0000000000001,"no",NA,NA
104,2021-05-07,7.436,"2_after watering","no",4.84869,1,"elevated","drought","yes",NA,NA,NA,"no",NA,NA
104,2021-05-10,7.1735,"1_before watering","no",4.84869,1,"elevated","drought","yes",262.5,3,87.5000000000001,"no",NA,NA
104,2021-05-10,7.4655,"2_after watering","no",4.84869,1,"elevated","drought","yes",NA,NA,NA,"no",NA,NA
104,2021-05-13,7.154,"1_before watering","no",4.84869,1,"elevated","drought","yes",311.5,3,103.833333333333,"no",NA,NA
104,2021-05-13,7.4745,"2_after watering","no",4.84869,1,"elevated","drought","yes",NA,NA,NA,"no",NA,NA
104,2021-05-17,7.1795,"1_before watering","no",4.84869,1,"elevated","drought","yes",295,4,73.75,"no",NA,NA
104,2021-05-24,6.5315,"1_before watering","no",4.84869,1,"elevated","drought","yes",648,7,92.5714285714285,"no",NA,NA
104,2021-05-27,6.2845,"1_before watering","no",4.84869,1,"elevated","drought","yes",247,3,82.3333333333333,"no",NA,NA
107,2021-04-29,7.2035,"2_after watering","no",4.58607,2,"ambient","drought","yes",NA,NA,NA,"no",NA,NA
107,2021-05-03,6.95883333333333,"1_before watering","no",4.58607,2,"ambient","drought","yes",232.666666666666,4,NA,"yes",58.1666666666664,NA
107,2021-05-03,7.1915,"2_after watering","no",4.58607,2,"ambient","drought","yes",NA,NA,NA,"no",NA,NA
107,2021-05-06,7.017,"1_before watering","no",4.58607,2,"ambient","drought","yes",174.499999999999,3,58.1666666666664,"no",58.1666666666664,NA
107,2021-05-06,7.261,"2_after watering","no",4.58607,2,"ambient","drought","yes",NA,NA,NA,"no",NA,NA
107,2021-05-07,7.172,"1_before watering","no",4.58607,2,"ambient","drought","yes",89.0000000000004,1,89.0000000000004,"no",58.1666666666664,NA
107,2021-05-10,6.944,"1_before watering","no",4.58607,2,"ambient","drought","yes",228,3,75.9999999999999,"no",58.1666666666664,NA
107,2021-05-10,7.243,"2_after watering","no",4.58607,2,"ambient","drought","yes",NA,NA,NA,"no",NA,NA
107,2021-05-12,7.0435,"1_before watering","no",4.58607,2,"ambient","drought","yes",199.5,2,99.7500000000002,"no",58.1666666666664,NA
107,2021-05-12,7.3645,"2_after watering","no",4.58607,2,"ambient","drought","yes",NA,NA,NA,"no",NA,NA
107,2021-05-17,6.8935,"1_before watering","no",4.58607,2,"ambient","drought","yes",470.999999999999,5,94.1999999999998,"no",58.1666666666664,NA
107,2021-05-20,6.5765,"1_before watering","no",4.58607,2,"ambient","drought","yes",317,3,105.666666666667,"no",58.1666666666664,NA
107,2021-05-24,6.3165,"1_before watering","no",4.58607,2,"ambient","drought","yes",260.000000000001,4,65.0000000000002,"no",58.1666666666664,NA
107,2021-05-27,6.0305,"1_before watering","no",4.58607,2,"ambient","drought","yes",286,3,95.3333333333332,"no",58.1666666666664,NA
107,2021-05-31,5.7855,"1_before watering","no",4.58607,2,"ambient","drought","yes",245,4,61.25,"no",58.1666666666664,NA
107,2021-06-02,5.708,"1_before watering","no",4.58607,2,"ambient","drought","yes",77.4999999999997,2,38.7499999999998,"no",58.1666666666664,NA
111,2021-04-30,7.0995,"2_after watering","no",4.53626,1,"elevated","control","yes",NA,NA,NA,"no",NA,NA
111,2021-05-04,6.942,"1_before watering","no",4.53626,1,"elevated","control","yes",157.5,4,39.3749999999999,"no",NA,NA
111,2021-05-04,7.0945,"2_after watering","no",4.53626,1,"elevated","control","yes",NA,NA,NA,"no",NA,NA
111,2021-05-07,6.9525,"1_before watering","no",4.53626,1,"elevated","control","yes",142,3,47.3333333333334,"no",NA,NA
111,2021-05-07,7.1295,"2_after watering","no",4.53626,1,"elevated","control","yes",NA,NA,NA,"no",NA,NA
111,2021-05-10,7.045,"1_before watering","no",4.53626,1,"elevated","control","yes",84.5000000000002,3,28.1666666666667,"no",NA,NA
111,2021-05-10,7.3245,"2_after watering","no",4.53626,1,"elevated","control","yes",NA,NA,NA,"no",NA,NA
111,2021-05-13,7.0995,"1_before watering","no",4.53626,1,"elevated","control","yes",225,3,74.9999999999999,"no",NA,NA
111,2021-05-13,7.224,"2_after watering","no",4.53626,1,"elevated","control","yes",NA,NA,NA,"no",NA,NA
111,2021-05-17,7.111,"1_before watering","no",4.53626,1,"elevated","control","yes",113,4,28.2500000000001,"no",NA,NA
111,2021-05-17,7.243,"2_after watering","no",4.53626,1,"elevated","control","yes",NA,NA,NA,"no",NA,NA
111,2021-05-20,7.1605,"1_before watering","no",4.53626,1,"elevated","control","yes",82.5000000000005,3,27.5000000000002,"no",NA,NA
111,2021-05-20,7.301,"2_after watering","no",4.53626,1,"elevated","control","yes",NA,NA,NA,"no",NA,NA
111,2021-05-24,7.0935,"1_before watering","no",4.53626,1,"elevated","control","yes",207.5,4,51.8750000000001,"no",NA,NA
111,2021-05-24,7.2425,"2_after watering","no",4.53626,1,"elevated","control","yes",NA,NA,NA,"no",NA,NA
111,2021-05-27,7.043,"1_before watering","no",4.53626,1,"elevated","control","yes",199.5,3,66.4999999999999,"no",NA,NA
111,2021-05-27,7.2725,"2_after watering","no",4.53626,1,"elevated","control","yes",NA,NA,NA,"no",NA,NA
111,2021-05-31,7.09,"1_before watering","no",4.53626,1,"elevated","control","yes",182.5,4,45.625,"no",NA,NA
111,2021-05-31,7.241,"2_after watering","no",4.53626,1,"elevated","control","yes",NA,NA,NA,"no",NA,NA
111,2021-06-01,7.1665,"1_before watering","no",4.53626,1,"elevated","control","yes",74.4999999999996,1,74.4999999999996,"no",NA,NA
112,2021-04-30,6.811,"2_after watering","no",4.28681,1,"elevated","drought","yes",NA,NA,NA,"no",NA,NA
112,2021-05-04,6.593,"1_before watering","no",4.28681,1,"elevated","drought","yes",218,4,54.5,"no",NA,NA
112,2021-05-04,6.8235,"2_after watering","no",4.28681,1,"elevated","drought","yes",NA,NA,NA,"no",NA,NA
112,2021-05-07,6.6905,"1_before watering","no",4.28681,1,"elevated","drought","yes",133,3,44.3333333333333,"no",NA,NA
112,2021-05-07,6.877,"2_after watering","no",4.28681,1,"elevated","drought","yes",NA,NA,NA,"no",NA,NA
112,2021-05-10,6.6405,"1_before watering","no",4.28681,1,"elevated","drought","yes",236.499999999999,3,78.8333333333332,"no",NA,NA
112,2021-05-10,6.9745,"2_after watering","no",4.28681,1,"elevated","drought","yes",NA,NA,NA,"no",NA,NA
112,2021-05-13,6.676,"1_before watering","no",4.28681,1,"elevated","drought","yes",298.5,3,99.4999999999999,"no",NA,NA
112,2021-05-13,6.9205,"2_after watering","no",4.28681,1,"elevated","drought","yes",NA,NA,NA,"no",NA,NA
112,2021-05-17,6.7745,"1_before watering","no",4.28681,1,"elevated","drought","yes",146,4,36.5,"no",NA,NA
112,2021-05-20,6.519,"1_before watering","no",4.28681,1,"elevated","drought","yes",255.5,3,85.1666666666665,"no",NA,NA
112,2021-05-24,6.2325,"1_before watering","no",4.28681,1,"elevated","drought","yes",286.5,4,71.6250000000001,"no",NA,NA
112,2021-05-27,5.9535,"1_before watering","no",4.28681,1,"elevated","drought","yes",279,3,93,"no",NA,NA
112,2021-05-31,5.733,"1_before watering","no",4.28681,1,"elevated","drought","yes",220.5,4,55.1250000000001,"no",NA,NA
112,2021-06-03,5.6125,"1_before watering","no",4.28681,1,"elevated","drought","yes",120.5,3,40.1666666666666,"no",NA,NA
116,2021-04-29,7.1125,"2_after watering","no",4.51913,2,"ambient","drought","yes",NA,NA,NA,"no",NA,NA
116,2021-05-03,6.88766666666667,"1_before watering","no",4.51913,2,"ambient","drought","yes",217.333333333334,4,NA,"yes",54.3333333333334,NA
116,2021-05-03,7.105,"2_after watering","no",4.51913,2,"ambient","drought","yes",NA,NA,NA,"no",NA,NA
116,2021-05-06,6.942,"1_before watering","no",4.51913,2,"ambient","drought","yes",163,3,54.3333333333334,"no",54.3333333333334,NA
116,2021-05-06,7.1675,"2_after watering","no",4.51913,2,"ambient","drought","yes",NA,NA,NA,"no",NA,NA
116,2021-05-07,7.09,"1_before watering","no",4.51913,2,"ambient","drought","yes",77.5000000000006,1,77.5000000000006,"no",54.3333333333334,NA
116,2021-05-10,6.676,"1_before watering","no",4.51913,2,"ambient","drought","yes",414,3,138,"no",54.3333333333334,NA
116,2021-05-10,7.1135,"2_after watering","no",4.51913,2,"ambient","drought","yes",NA,NA,NA,"no",NA,NA
116,2021-05-12,6.8315,"1_before watering","no",4.51913,2,"ambient","drought","yes",282,2,141,"no",54.3333333333334,NA
116,2021-05-12,7.1995,"2_after watering","no",4.51913,2,"ambient","drought","yes",NA,NA,NA,"no",NA,NA
116,2021-05-17,6.667,"1_before watering","no",4.51913,2,"ambient","drought","yes",532.5,5,106.5,"no",54.3333333333334,NA
116,2021-05-20,6.3965,"1_before watering","no",4.51913,2,"ambient","drought","yes",270.5,3,90.1666666666667,"no",54.3333333333334,NA
116,2021-05-24,6.054,"1_before watering","no",4.51913,2,"ambient","drought","yes",342.499999999999,4,85.6249999999998,"no",54.3333333333334,NA
116,2021-05-27,5.834,"1_before watering","no",4.51913,2,"ambient","drought","yes",220.000000000001,3,73.3333333333335,"no",54.3333333333334,NA
116,2021-05-31,5.617,"1_before watering","no",4.51913,2,"ambient","drought","yes",217,4,54.2499999999999,"no",54.3333333333334,NA
116,2021-06-03,5.518,"1_before watering","no",4.51913,2,"ambient","drought","yes",99.0000000000002,3,33.0000000000001,"no",54.3333333333334,NA
116,2021-06-08,5.4175,"1_before watering","no",4.51913,2,"ambient","drought","yes",100.499999999999,5,20.0999999999999,"no",54.3333333333334,NA
